Reported Date,Confirmed Positive,Resolved,Deaths,Total Cases,Number of patients hospitalized with COVID-19,Number of patients in ICU due to COVID-19,"Number of patients in ICU, testing positive for COVID-19",Number of patients in ICU on a ventilator due to COVID-19,Num. of patients in ICU on a ventilator testing positive,New_cases,New_hospitalized,New_icu
2020-01-26,0.0,0.0,0.0,0.0,0.0,0.0,0.0,0.0,0.0,0.0,0.0,0.0
2020-01-27,0.0,0.0,0.0,0.0,0.0,0.0,0.0,0.0,0.0,0.0,0.0,0.0
2020-01-28,1.0,0.0,0.0,1.0,0.0,0.0,0.0,0.0,0.0,1.0,0.0,0.0
2020-01-30,2.0,0.0,0.0,2.0,0.0,0.0,0.0,0.0,0.0,1.0,0.0,0.0
2020-01-31,2.0,0.0,0.0,2.0,0.0,0.0,0.0,0.0,0.0,0.0,0.0,0.0
2020-02-03,3.0,0.0,0.0,3.0,0.0,0.0,0.0,0.0,0.0,1.0,0.0,0.0
2020-02-04,3.0,0.0,0.0,3.0,0.0,0.0,0.0,0.0,0.0,0.0,0.0,0.0
2020-02-05,3.0,0.0,0.0,3.0,0.0,0.0,0.0,0.0,0.0,0.0,0.0,0.0
2020-02-06,3.0,0.0,0.0,3.0,0.0,0.0,0.0,0.0,0.0,0.0,0.0,0.0
2020-02-08,3.0,0.0,0.0,3.0,0.0,0.0,0.0,0.0,0.0,0.0,0.0,0.0
2020-02-10,3.0,0.0,0.0,3.0,0.0,0.0,0.0,0.0,0.0,0.0,0.0,0.0
2020-02-11,3.0,0.0,0.0,3.0,0.0,0.0,0.0,0.0,0.0,0.0,0.0,0.0
2020-02-12,2.0,1.0,0.0,3.0,0.0,0.0,0.0,0.0,0.0,0.0,0.0,0.0
2020-02-13,2.0,1.0,0.0,3.0,0.0,0.0,0.0,0.0,0.0,0.0,0.0,0.0
2020-02-14,2.0,1.0,0.0,3.0,0.0,0.0,0.0,0.0,0.0,0.0,0.0,0.0
2020-02-17,2.0,1.0,0.0,3.0,0.0,0.0,0.0,0.0,0.0,0.0,0.0,0.0
2020-02-18,2.0,1.0,0.0,3.0,0.0,0.0,0.0,0.0,0.0,0.0,0.0,0.0
2020-02-19,2.0,1.0,0.0,3.0,0.0,0.0,0.0,0.0,0.0,0.0,0.0,0.0
2020-02-20,1.0,2.0,0.0,3.0,0.0,0.0,0.0,0.0,0.0,0.0,0.0,0.0
2020-02-21,0.0,3.0,0.0,3.0,0.0,0.0,0.0,0.0,0.0,0.0,0.0,0.0
2020-02-24,1.0,3.0,0.0,4.0,0.0,0.0,0.0,0.0,0.0,1.0,0.0,0.0
2020-02-25,1.0,3.0,0.0,4.0,0.0,0.0,0.0,0.0,0.0,0.0,0.0,0.0
2020-02-26,1.0,3.0,0.0,4.0,0.0,0.0,0.0,0.0,0.0,0.0,0.0,0.0
2020-02-27,2.0,3.0,0.0,5.0,0.0,0.0,0.0,0.0,0.0,1.0,0.0,0.0
2020-02-28,3.0,3.0,0.0,6.0,0.0,0.0,0.0,0.0,0.0,1.0,0.0,0.0
2020-03-02,15.0,3.0,0.0,18.0,0.0,0.0,0.0,0.0,0.0,12.0,0.0,0.0
2020-03-03,17.0,3.0,0.0,20.0,0.0,0.0,0.0,0.0,0.0,2.0,0.0,0.0
2020-03-04,17.0,3.0,0.0,20.0,0.0,0.0,0.0,0.0,0.0,0.0,0.0,0.0
2020-03-05,18.0,4.0,0.0,22.0,0.0,0.0,0.0,0.0,0.0,2.0,0.0,0.0
2020-03-06,22.0,4.0,0.0,26.0,0.0,0.0,0.0,0.0,0.0,4.0,0.0,0.0
2020-03-07,24.0,4.0,0.0,28.0,0.0,0.0,0.0,0.0,0.0,2.0,0.0,0.0
2020-03-08,25.0,4.0,0.0,29.0,0.0,0.0,0.0,0.0,0.0,1.0,0.0,0.0
2020-03-09,31.0,4.0,0.0,35.0,0.0,0.0,0.0,0.0,0.0,6.0,0.0,0.0
2020-03-10,31.0,5.0,0.0,36.0,0.0,0.0,0.0,0.0,0.0,1.0,0.0,0.0
2020-03-11,37.0,5.0,0.0,42.0,0.0,0.0,0.0,0.0,0.0,6.0,0.0,0.0
2020-03-12,54.0,5.0,0.0,59.0,0.0,0.0,0.0,0.0,0.0,17.0,0.0,0.0
2020-03-13,74.0,5.0,0.0,79.0,0.0,0.0,0.0,0.0,0.0,20.0,0.0,0.0
2020-03-14,98.0,5.0,0.0,103.0,0.0,0.0,0.0,0.0,0.0,24.0,0.0,0.0
2020-03-15,140.0,5.0,0.0,145.0,0.0,0.0,0.0,0.0,0.0,42.0,0.0,0.0
2020-03-16,172.0,5.0,0.0,177.0,0.0,0.0,0.0,0.0,0.0,32.0,0.0,0.0
2020-03-17,183.0,5.0,1.0,189.0,0.0,0.0,0.0,0.0,0.0,12.0,0.0,0.0
2020-03-18,208.0,5.0,1.0,214.0,0.0,0.0,0.0,0.0,0.0,25.0,0.0,0.0
2020-03-19,251.0,5.0,2.0,258.0,0.0,0.0,0.0,0.0,0.0,44.0,0.0,0.0
2020-03-20,311.0,5.0,2.0,318.0,0.0,0.0,0.0,0.0,0.0,60.0,0.0,0.0
2020-03-21,369.0,6.0,2.0,377.0,0.0,0.0,0.0,0.0,0.0,59.0,0.0,0.0
2020-03-22,412.0,8.0,5.0,425.0,0.0,0.0,0.0,0.0,0.0,48.0,0.0,0.0
2020-03-23,489.0,8.0,6.0,503.0,0.0,0.0,0.0,0.0,0.0,78.0,0.0,0.0
2020-03-24,572.0,8.0,8.0,588.0,0.0,0.0,0.0,0.0,0.0,85.0,0.0,0.0
2020-03-25,667.0,8.0,13.0,688.0,0.0,0.0,0.0,0.0,0.0,100.0,0.0,0.0
2020-03-26,835.0,8.0,15.0,858.0,0.0,0.0,0.0,0.0,0.0,170.0,0.0,0.0
2020-03-27,967.0,8.0,18.0,993.0,0.0,0.0,0.0,0.0,0.0,135.0,0.0,0.0
2020-03-28,1117.0,8.0,19.0,1144.0,0.0,0.0,0.0,0.0,0.0,151.0,0.0,0.0
2020-03-29,1324.0,8.0,23.0,1355.0,0.0,0.0,0.0,0.0,0.0,211.0,0.0,0.0
2020-03-30,1252.0,431.0,23.0,1706.0,0.0,0.0,0.0,0.0,0.0,351.0,0.0,0.0
2020-03-31,1399.0,534.0,33.0,1966.0,0.0,0.0,0.0,0.0,0.0,260.0,0.0,0.0
2020-04-01,1681.0,674.0,37.0,2392.0,0.0,0.0,0.0,0.0,0.0,426.0,0.0,0.0
2020-04-02,1909.0,831.0,53.0,2793.0,405.0,0.0,167.0,0.0,112.0,401.0,405.0,0.0
2020-04-03,2165.0,1023.0,67.0,3255.0,462.0,0.0,194.0,0.0,140.0,462.0,57.0,0.0
2020-04-04,2317.0,1219.0,94.0,3630.0,506.0,0.0,196.0,0.0,152.0,375.0,44.0,0.0
2020-04-05,2470.0,1449.0,119.0,4038.0,523.0,0.0,200.0,0.0,154.0,408.0,17.0,0.0
2020-04-06,2591.0,1624.0,132.0,4347.0,589.0,0.0,216.0,0.0,160.0,309.0,66.0,0.0
2020-04-07,2771.0,1802.0,153.0,4726.0,614.0,0.0,233.0,0.0,187.0,379.0,25.0,0.0
2020-04-08,3028.0,2074.0,174.0,5276.0,605.0,0.0,246.0,0.0,195.0,550.0,-9.0,0.0
2020-04-09,3254.0,2305.0,200.0,5759.0,632.0,0.0,264.0,0.0,214.0,483.0,27.0,0.0
2020-04-10,3441.0,2574.0,222.0,6237.0,673.0,0.0,260.0,0.0,217.0,478.0,41.0,0.0
2020-04-11,3537.0,2858.0,253.0,6648.0,691.0,0.0,257.0,0.0,215.0,411.0,18.0,0.0
2020-04-12,3654.0,3121.0,274.0,7049.0,738.0,0.0,261.0,0.0,196.0,401.0,47.0,0.0
2020-04-13,3822.0,3357.0,291.0,7470.0,760.0,0.0,263.0,0.0,203.0,421.0,22.0,0.0
2020-04-14,4051.0,3568.0,334.0,7953.0,769.0,0.0,255.0,0.0,199.0,483.0,9.0,0.0
2020-04-15,4160.0,3902.0,385.0,8447.0,795.0,0.0,254.0,0.0,188.0,494.0,26.0,0.0
2020-04-16,4344.0,4194.0,423.0,8961.0,807.0,0.0,248.0,0.0,200.0,514.0,12.0,0.0
2020-04-17,4491.0,4556.0,478.0,9525.0,829.0,0.0,245.0,0.0,200.0,564.0,22.0,0.0
2020-04-18,4621.0,4875.0,514.0,10010.0,828.0,0.0,250.0,0.0,197.0,485.0,-1.0,0.0
2020-04-19,4816.0,5209.0,553.0,10578.0,809.0,0.0,247.0,0.0,196.0,568.0,-19.0,0.0
2020-04-20,5085.0,5515.0,584.0,11184.0,802.0,0.0,247.0,0.0,193.0,606.0,-7.0,0.0
2020-04-21,5307.0,5806.0,622.0,11735.0,859.0,0.0,250.0,0.0,194.0,551.0,57.0,0.0
2020-04-22,5365.0,6221.0,659.0,12245.0,878.0,0.0,243.0,0.0,192.0,510.0,19.0,0.0
2020-04-23,5486.0,6680.0,713.0,12879.0,887.0,0.0,233.0,0.0,185.0,634.0,9.0,0.0
2020-04-24,5669.0,7087.0,763.0,13519.0,910.0,0.0,243.0,0.0,193.0,640.0,23.0,0.0
2020-04-25,5675.0,7509.0,811.0,13995.0,925.0,0.0,245.0,0.0,195.0,476.0,15.0,0.0
2020-04-26,5597.0,8000.0,835.0,14432.0,938.0,0.0,252.0,0.0,195.0,437.0,13.0,0.0
2020-04-27,5439.0,8525.0,892.0,14856.0,945.0,0.0,241.0,0.0,191.0,424.0,7.0,0.0
2020-04-28,5466.0,8964.0,951.0,15381.0,957.0,0.0,239.0,0.0,187.0,525.0,12.0,0.0
2020-04-29,5120.0,9612.0,996.0,15728.0,977.0,0.0,235.0,0.0,186.0,347.0,20.0,0.0
2020-04-30,4900.0,10205.0,1082.0,16187.0,999.0,0.0,233.0,0.0,181.0,459.0,22.0,0.0
2020-05-01,4662.0,10825.0,1121.0,16608.0,1017.0,244.0,225.0,187.0,175.0,421.0,18.0,244.0
2020-05-02,4553.0,11390.0,1176.0,17119.0,977.0,236.0,221.0,178.0,154.0,511.0,-40.0,-8.0
2020-05-03,4332.0,12005.0,1216.0,17553.0,1010.0,246.0,232.0,184.0,174.0,434.0,33.0,10.0
2020-05-04,4118.0,12505.0,1300.0,17923.0,984.0,243.0,225.0,189.0,175.0,370.0,-26.0,-3.0
2020-05-05,4170.0,12779.0,1361.0,18310.0,1043.0,243.0,223.0,187.0,166.0,387.0,59.0,0.0
2020-05-06,4071.0,13222.0,1429.0,18722.0,1032.0,240.0,219.0,189.0,174.0,412.0,-11.0,-3.0
2020-05-07,4075.0,13569.0,1477.0,19121.0,1033.0,234.0,220.0,175.0,155.0,399.0,1.0,-6.0
2020-05-08,4068.0,13990.0,1540.0,19598.0,1028.0,230.0,213.0,177.0,166.0,477.0,-5.0,-4.0
2020-05-09,3962.0,14383.0,1599.0,19944.0,1016.0,218.0,203.0,171.0,158.0,346.0,-12.0,-12.0
2020-05-10,3832.0,14772.0,1634.0,20238.0,961.0,211.0,195.0,161.0,140.0,294.0,-55.0,-7.0
2020-05-11,3746.0,15131.0,1669.0,20546.0,1027.0,215.0,194.0,164.0,147.0,308.0,66.0,4.0
2020-05-12,3791.0,15391.0,1725.0,20907.0,1025.0,211.0,192.0,157.0,146.0,361.0,-2.0,-4.0
2020-05-13,3626.0,15845.0,1765.0,21236.0,1018.0,207.0,189.0,160.0,144.0,329.0,-7.0,-4.0
2020-05-14,3579.0,16204.0,1798.0,21581.0,1026.0,201.0,184.0,156.0,141.0,345.0,8.0,-6.0
2020-05-15,3456.0,16641.0,1825.0,21922.0,986.0,194.0,179.0,147.0,135.0,341.0,-40.0,-7.0
2020-05-16,3435.0,17020.0,1858.0,22313.0,975.0,196.0,180.0,151.0,135.0,391.0,-11.0,2.0
2020-05-17,3412.0,17360.0,1881.0,22653.0,934.0,188.0,171.0,144.0,129.0,340.0,-41.0,-8.0
2020-05-18,3415.0,17638.0,1904.0,22957.0,972.0,190.0,174.0,144.0,133.0,304.0,38.0,2.0
2020-05-19,3567.0,17898.0,1919.0,23384.0,987.0,192.0,167.0,142.0,123.0,427.0,15.0,2.0
2020-05-20,3622.0,18190.0,1962.0,23774.0,991.0,185.0,160.0,137.0,120.0,390.0,4.0,-7.0
2020-05-21,3685.0,18509.0,1993.0,24187.0,984.0,181.0,155.0,137.0,117.0,413.0,-7.0,-4.0
2020-05-22,3840.0,18767.0,2021.0,24628.0,961.0,176.0,153.0,140.0,120.0,441.0,-23.0,-5.0
2020-05-23,3846.0,19146.0,2048.0,25040.0,912.0,175.0,147.0,138.0,119.0,412.0,-49.0,-1.0
2020-05-24,3950.0,19477.0,2073.0,25500.0,878.0,176.0,148.0,136.0,104.0,460.0,-34.0,1.0
2020-05-25,4104.0,19698.0,2102.0,25904.0,859.0,175.0,148.0,136.0,114.0,404.0,-19.0,-1.0
2020-05-26,4110.0,19958.0,2123.0,26191.0,848.0,172.0,143.0,134.0,113.0,287.0,-11.0,-3.0
2020-05-27,3956.0,20372.0,2155.0,26483.0,847.0,173.0,150.0,135.0,117.0,292.0,-1.0,1.0
2020-05-28,4004.0,20673.0,2189.0,26866.0,833.0,163.0,137.0,122.0,94.0,383.0,-14.0,-10.0
2020-05-29,3997.0,20983.0,2230.0,27210.0,826.0,159.0,129.0,121.0,100.0,344.0,-7.0,-4.0
2020-05-30,3933.0,21353.0,2247.0,27533.0,801.0,155.0,121.0,119.0,84.0,323.0,-25.0,-4.0
2020-05-31,3783.0,21810.0,2266.0,27859.0,781.0,156.0,118.0,111.0,90.0,326.0,-20.0,1.0
2020-06-01,3834.0,22153.0,2276.0,28263.0,781.0,161.0,125.0,111.0,89.0,404.0,0.0,5.0
2020-06-02,3932.0,22484.0,2293.0,28709.0,801.0,160.0,125.0,111.0,87.0,446.0,20.0,-1.0
2020-06-03,3924.0,22811.0,2312.0,29047.0,791.0,158.0,127.0,118.0,92.0,338.0,-10.0,-2.0
2020-06-04,3838.0,23208.0,2357.0,29403.0,776.0,152.0,121.0,116.0,94.0,356.0,-15.0,-6.0
2020-06-05,3792.0,23583.0,2372.0,29747.0,749.0,149.0,118.0,118.0,94.0,344.0,-27.0,-3.0
2020-06-06,3848.0,23947.0,2407.0,30202.0,673.0,146.0,117.0,116.0,97.0,455.0,-76.0,-3.0
2020-06-07,3939.0,24252.0,2426.0,30617.0,635.0,142.0,117.0,114.0,92.0,415.0,-38.0,-4.0
2020-06-08,3918.0,24492.0,2450.0,30860.0,603.0,143.0,118.0,107.0,81.0,243.0,-32.0,1.0
2020-06-09,3797.0,24829.0,2464.0,31090.0,600.0,141.0,116.0,104.0,88.0,230.0,-3.0,-2.0
2020-06-10,3486.0,25380.0,2475.0,31341.0,580.0,144.0,118.0,102.0,86.0,251.0,-20.0,3.0
2020-06-11,3172.0,25885.0,2487.0,31544.0,538.0,145.0,120.0,103.0,87.0,203.0,-42.0,1.0
2020-06-12,3041.0,26187.0,2498.0,31726.0,527.0,140.0,114.0,106.0,84.0,182.0,-11.0,-5.0
2020-06-13,2947.0,26538.0,2507.0,31992.0,489.0,136.0,110.0,97.0,68.0,266.0,-38.0,-4.0
2020-06-14,2709.0,26961.0,2519.0,32189.0,438.0,128.0,103.0,96.0,77.0,197.0,-51.0,-8.0
2020-06-15,2630.0,27213.0,2527.0,32370.0,419.0,129.0,104.0,88.0,69.0,181.0,-19.0,1.0
2020-06-16,2585.0,27431.0,2538.0,32554.0,413.0,126.0,98.0,89.0,70.0,184.0,-6.0,-3.0
2020-06-17,2410.0,27784.0,2550.0,32744.0,383.0,118.0,92.0,82.0,65.0,190.0,-30.0,-8.0
2020-06-18,2360.0,28004.0,2553.0,32917.0,351.0,111.0,84.0,78.0,60.0,173.0,-32.0,-7.0
2020-06-19,2281.0,28250.0,2564.0,33095.0,331.0,108.0,82.0,78.0,65.0,178.0,-20.0,-3.0
2020-06-20,2238.0,28468.0,2595.0,33301.0,333.0,108.0,80.0,82.0,63.0,206.0,2.0,0.0
2020-06-21,2151.0,28719.0,2606.0,33476.0,286.0,114.0,86.0,76.0,59.0,175.0,-47.0,6.0
2020-06-22,2095.0,28933.0,2609.0,33637.0,265.0,107.0,76.0,74.0,58.0,161.0,-21.0,-7.0
2020-06-23,2127.0,29107.0,2619.0,33853.0,288.0,106.0,75.0,70.0,54.0,216.0,23.0,-1.0
2020-06-24,2049.0,29336.0,2631.0,34016.0,278.0,101.0,73.0,65.0,48.0,163.0,-10.0,-5.0
2020-06-25,2036.0,29528.0,2641.0,34205.0,270.0,97.0,69.0,62.0,47.0,189.0,-8.0,-4.0
2020-06-26,1918.0,29754.0,2644.0,34316.0,256.0,92.0,61.0,58.0,41.0,111.0,-14.0,-5.0
2020-06-27,1892.0,29932.0,2652.0,34476.0,252.0,87.0,54.0,53.0,35.0,160.0,-4.0,-5.0
2020-06-28,1889.0,30107.0,2658.0,34654.0,214.0,86.0,51.0,55.0,36.0,178.0,-38.0,-1.0
2020-06-29,2050.0,30196.0,2665.0,34911.0,232.0,82.0,46.0,54.0,35.0,257.0,18.0,-4.0
2020-06-30,2052.0,30344.0,2672.0,35068.0,213.0,74.0,42.0,50.0,34.0,157.0,-19.0,-8.0
2020-07-01,2015.0,30526.0,2676.0,35217.0,209.0,70.0,43.0,45.0,30.0,149.0,-4.0,-4.0
2020-07-02,1960.0,30730.0,2680.0,35370.0,119.0,71.0,40.0,45.0,26.0,153.0,-90.0,1.0
2020-07-03,1944.0,30909.0,2682.0,35535.0,155.0,70.0,40.0,46.0,25.0,165.0,36.0,-1.0
2020-07-04,1886.0,31083.0,2687.0,35656.0,150.0,0.0,39.0,0.0,26.0,121.0,-5.0,-70.0
2020-07-05,1839.0,31266.0,2689.0,35794.0,139.0,67.0,39.0,38.0,23.0,138.0,-11.0,67.0
2020-07-06,1833.0,31426.0,2689.0,35948.0,118.0,64.0,36.0,39.0,21.0,154.0,-21.0,-3.0
2020-07-07,1766.0,31603.0,2691.0,36060.0,131.0,61.0,34.0,41.0,24.0,112.0,13.0,-3.0
2020-07-08,1673.0,31805.0,2700.0,36178.0,123.0,61.0,35.0,44.0,26.0,118.0,-8.0,0.0
2020-07-09,1668.0,31977.0,2703.0,36348.0,123.0,58.0,31.0,42.0,23.0,170.0,0.0,-3.0
2020-07-10,1599.0,32155.0,2710.0,36464.0,117.0,60.0,34.0,42.0,24.0,116.0,-6.0,2.0
2020-07-11,1456.0,32422.0,2716.0,36594.0,128.0,57.0,31.0,35.0,18.0,130.0,11.0,-3.0
2020-07-12,1470.0,32534.0,2719.0,36723.0,116.0,55.0,29.0,35.0,19.0,129.0,-12.0,-2.0
2020-07-13,1454.0,32663.0,2722.0,36839.0,104.0,53.0,28.0,36.0,20.0,116.0,-12.0,-2.0
2020-07-14,1442.0,32785.0,2723.0,36950.0,137.0,55.0,30.0,38.0,21.0,111.0,33.0,2.0
2020-07-15,1400.0,32920.0,2732.0,37052.0,115.0,55.0,31.0,38.0,22.0,102.0,-22.0,0.0
2020-07-16,1365.0,33061.0,2737.0,37163.0,107.0,50.0,26.0,32.0,20.0,111.0,-8.0,-5.0
2020-07-17,1366.0,33162.0,2746.0,37274.0,108.0,52.0,30.0,31.0,21.0,111.0,1.0,2.0
2020-07-18,1398.0,33294.0,2748.0,37440.0,105.0,53.0,33.0,30.0,22.0,166.0,-3.0,1.0
2020-07-19,1446.0,33407.0,2751.0,37604.0,101.0,53.0,34.0,31.0,23.0,164.0,-4.0,0.0
2020-07-20,1474.0,33513.0,2752.0,37739.0,115.0,55.0,37.0,32.0,24.0,135.0,14.0,2.0
2020-07-21,1584.0,33605.0,2753.0,37942.0,120.0,55.0,36.0,30.0,23.0,203.0,5.0,0.0
2020-07-22,1540.0,33812.0,2755.0,38107.0,128.0,57.0,37.0,27.0,19.0,165.0,8.0,2.0
2020-07-23,1492.0,33963.0,2755.0,38210.0,154.0,55.0,35.0,27.0,21.0,103.0,26.0,-2.0
2020-07-24,1547.0,34100.0,2758.0,38405.0,141.0,50.0,31.0,27.0,20.0,195.0,-13.0,-5.0
2020-07-25,1544.0,34240.0,2759.0,38543.0,97.0,47.0,30.0,28.0,21.0,138.0,-44.0,-3.0
2020-07-26,1558.0,34359.0,2763.0,38680.0,87.0,46.0,29.0,29.0,21.0,137.0,-10.0,-1.0
2020-07-27,1574.0,34461.0,2764.0,38799.0,82.0,47.0,30.0,27.0,18.0,119.0,-5.0,1.0
2020-07-28,1575.0,34567.0,2768.0,38910.0,96.0,46.0,31.0,28.0,18.0,111.0,14.0,-1.0
2020-07-29,1476.0,34741.0,2769.0,38986.0,91.0,43.0,28.0,26.0,17.0,76.0,-5.0,-3.0
2020-07-30,1397.0,34906.0,2772.0,39075.0,84.0,39.0,27.0,24.0,16.0,89.0,-7.0,-4.0
2020-07-31,1360.0,35074.0,2775.0,39209.0,78.0,41.0,29.0,24.0,15.0,134.0,-6.0,2.0
2020-08-01,1319.0,35237.0,2777.0,39333.0,73.0,40.0,27.0,19.0,12.0,124.0,-5.0,-1.0
2020-08-02,1312.0,35359.0,2778.0,39449.0,72.0,41.0,26.0,23.0,14.0,116.0,-1.0,1.0
2020-08-03,1274.0,35485.0,2778.0,39537.0,75.0,40.0,25.0,20.0,13.0,88.0,3.0,-1.0
2020-08-04,1245.0,35601.0,2782.0,39628.0,78.0,40.0,28.0,22.0,15.0,91.0,3.0,0.0
2020-08-05,1185.0,35747.0,2782.0,39714.0,66.0,41.0,30.0,22.0,15.0,86.0,-12.0,1.0
2020-08-06,1120.0,35906.0,2783.0,39809.0,71.0,38.0,29.0,20.0,13.0,95.0,5.0,-3.0
2020-08-07,1090.0,36024.0,2783.0,39897.0,66.0,38.0,28.0,20.0,12.0,88.0,-5.0,0.0
2020-08-08,1052.0,36131.0,2784.0,39967.0,53.0,38.0,27.0,19.0,12.0,70.0,-13.0,0.0
2020-08-09,981.0,36279.0,2786.0,40046.0,55.0,38.0,26.0,19.0,12.0,79.0,2.0,0.0
2020-08-10,994.0,36381.0,2786.0,40161.0,49.0,37.0,25.0,22.0,14.0,115.0,-6.0,-1.0
2020-08-11,952.0,36456.0,2786.0,40194.0,60.0,34.0,21.0,21.0,12.0,33.0,11.0,-3.0
2020-08-12,912.0,36590.0,2787.0,40289.0,49.0,33.0,20.0,18.0,10.0,95.0,-11.0,-1.0
2020-08-13,891.0,36689.0,2787.0,40367.0,43.0,31.0,20.0,19.0,10.0,78.0,-6.0,-2.0
2020-08-14,899.0,36772.0,2788.0,40459.0,41.0,28.0,17.0,18.0,9.0,92.0,-2.0,-3.0
2020-08-15,903.0,36873.0,2789.0,40565.0,39.0,29.0,17.0,17.0,10.0,106.0,-2.0,1.0
2020-08-16,904.0,36953.0,2789.0,40646.0,37.0,30.0,18.0,17.0,9.0,81.0,-2.0,1.0
2020-08-17,920.0,37036.0,2789.0,40745.0,32.0,28.0,16.0,17.0,10.0,99.0,-5.0,-2.0
2020-08-18,951.0,37126.0,2793.0,40870.0,41.0,26.0,15.0,16.0,10.0,125.0,9.0,-2.0
2020-08-19,965.0,37215.0,2792.0,40972.0,42.0,26.0,15.0,18.0,10.0,102.0,1.0,0.0
2020-08-20,964.0,37291.0,2793.0,41048.0,35.0,27.0,15.0,15.0,8.0,76.0,-7.0,1.0
2020-08-21,986.0,37397.0,2796.0,41179.0,35.0,26.0,13.0,13.0,7.0,131.0,0.0,-1.0
2020-08-22,1003.0,37487.0,2797.0,41287.0,40.0,25.0,13.0,11.0,7.0,108.0,5.0,-1.0
2020-08-23,1010.0,37595.0,2797.0,41402.0,41.0,21.0,11.0,10.0,6.0,115.0,1.0,-4.0
2020-08-24,1036.0,37673.0,2798.0,41507.0,40.0,23.0,12.0,11.0,7.0,105.0,-1.0,2.0
2020-08-25,1059.0,37748.0,2800.0,41607.0,39.0,24.0,13.0,15.0,10.0,100.0,-1.0,1.0
2020-08-26,1030.0,37863.0,2802.0,41695.0,43.0,24.0,15.0,13.0,10.0,88.0,4.0,0.0
2020-08-27,1070.0,37940.0,2803.0,41813.0,48.0,26.0,18.0,13.0,10.0,118.0,5.0,2.0
2020-08-28,1103.0,38023.0,2809.0,41935.0,61.0,25.0,18.0,15.0,12.0,122.0,13.0,-1.0
2020-08-29,1148.0,38126.0,2809.0,42083.0,51.0,28.0,17.0,9.0,5.0,148.0,-10.0,3.0
2020-08-30,1181.0,38204.0,2810.0,42195.0,51.0,30.0,20.0,15.0,10.0,112.0,0.0,2.0
2020-08-31,1221.0,38277.0,2811.0,42309.0,49.0,29.0,18.0,13.0,9.0,114.0,-2.0,-1.0
2020-09-01,1240.0,38369.0,2812.0,42421.0,65.0,29.0,17.0,10.0,5.0,112.0,16.0,0.0
2020-09-02,1236.0,38506.0,2812.0,42554.0,60.0,21.0,13.0,11.0,9.0,133.0,-5.0,-8.0
2020-09-03,1249.0,38625.0,2812.0,42686.0,60.0,20.0,12.0,11.0,9.0,132.0,0.0,-1.0
2020-09-04,1282.0,38741.0,2811.0,42834.0,66.0,24.0,13.0,10.0,8.0,148.0,6.0,4.0
2020-09-05,1345.0,38847.0,2811.0,43003.0,58.0,23.0,14.0,10.0,8.0,169.0,-8.0,-1.0
2020-09-06,1390.0,38958.0,2813.0,43161.0,52.0,24.0,15.0,12.0,9.0,158.0,-6.0,1.0
2020-09-07,1461.0,39077.0,2813.0,43351.0,55.0,24.0,18.0,10.0,8.0,190.0,3.0,0.0
2020-09-08,1527.0,39196.0,2813.0,43536.0,54.0,25.0,17.0,10.0,7.0,185.0,-1.0,1.0
2020-09-09,1540.0,39332.0,2813.0,43685.0,55.0,24.0,15.0,12.0,8.0,149.0,1.0,-1.0
2020-09-10,1567.0,39474.0,2814.0,43855.0,54.0,23.0,14.0,11.0,9.0,170.0,-1.0,-1.0
2020-09-11,1657.0,39598.0,2813.0,44068.0,49.0,25.0,18.0,12.0,9.0,213.0,-5.0,2.0
2020-09-12,1769.0,39717.0,2814.0,44300.0,43.0,18.0,12.0,11.0,8.0,232.0,-6.0,-7.0
2020-09-13,1848.0,39841.0,2815.0,44504.0,39.0,20.0,14.0,12.0,9.0,204.0,-4.0,2.0
2020-09-14,2027.0,39974.0,2816.0,44817.0,47.0,24.0,17.0,11.0,8.0,313.0,8.0,4.0
2020-09-15,2157.0,40091.0,2820.0,45068.0,47.0,26.0,19.0,15.0,11.0,251.0,0.0,2.0
2020-09-16,2316.0,40245.0,2822.0,45383.0,44.0,28.0,20.0,15.0,12.0,315.0,-3.0,2.0
2020-09-17,2427.0,40424.0,2825.0,45676.0,53.0,28.0,21.0,14.0,12.0,293.0,9.0,0.0
2020-09-18,2652.0,40600.0,2825.0,46077.0,58.0,28.0,20.0,12.0,10.0,401.0,5.0,0.0
2020-09-19,2881.0,40777.0,2826.0,46484.0,64.0,29.0,20.0,13.0,10.0,407.0,6.0,1.0
2020-09-20,3054.0,40968.0,2827.0,46849.0,63.0,31.0,23.0,12.0,10.0,365.0,-1.0,2.0
2020-09-21,3299.0,41146.0,2829.0,47274.0,65.0,30.0,22.0,14.0,12.0,425.0,2.0,-1.0
2020-09-22,3578.0,41342.0,2832.0,47752.0,82.0,30.0,24.0,14.0,11.0,478.0,17.0,0.0
2020-09-23,3652.0,41600.0,2835.0,48087.0,88.0,30.0,24.0,12.0,9.0,335.0,6.0,0.0
2020-09-24,3774.0,41886.0,2836.0,48496.0,88.0,33.0,27.0,14.0,11.0,409.0,0.0,3.0
2020-09-25,3899.0,42169.0,2837.0,48905.0,87.0,31.0,25.0,15.0,13.0,409.0,-1.0,-2.0
2020-09-26,3996.0,42507.0,2837.0,49340.0,100.0,34.0,28.0,18.0,15.0,435.0,13.0,3.0
2020-09-27,4196.0,42796.0,2839.0,49831.0,112.0,34.0,28.0,19.0,16.0,491.0,12.0,0.0
2020-09-28,4564.0,43127.0,2840.0,50531.0,128.0,35.0,29.0,20.0,17.0,700.0,16.0,1.0
2020-09-29,4791.0,43450.0,2844.0,51085.0,137.0,34.0,30.0,18.0,16.0,554.0,9.0,-1.0
2020-09-30,4955.0,43907.0,2848.0,51710.0,150.0,39.0,35.0,19.0,17.0,625.0,13.0,5.0
2020-10-01,4975.0,44422.0,2851.0,52248.0,162.0,41.0,36.0,18.0,17.0,538.0,12.0,2.0
2020-10-02,5203.0,44850.0,2927.0,52980.0,167.0,44.0,38.0,23.0,21.0,732.0,5.0,3.0
2020-10-03,5380.0,45285.0,2968.0,53633.0,155.0,47.0,41.0,25.0,23.0,653.0,-12.0,3.0
2020-10-04,5405.0,45819.0,2975.0,54199.0,169.0,48.0,43.0,27.0,25.0,566.0,14.0,1.0
2020-10-05,5474.0,46360.0,2980.0,54814.0,176.0,48.0,43.0,28.0,26.0,615.0,7.0,0.0
2020-10-06,5469.0,46906.0,2987.0,55362.0,192.0,45.0,41.0,27.0,26.0,548.0,16.0,-3.0
2020-10-07,5344.0,47613.0,2988.0,55945.0,195.0,48.0,43.0,30.0,28.0,583.0,3.0,3.0
2020-10-08,5442.0,48308.0,2992.0,56742.0,206.0,53.0,47.0,32.0,29.0,797.0,11.0,5.0
2020-10-09,5652.0,49032.0,2997.0,57681.0,225.0,52.0,47.0,32.0,29.0,939.0,19.0,-1.0
2020-10-10,5754.0,49732.0,3004.0,58490.0,213.0,53.0,48.0,32.0,29.0,809.0,-12.0,1.0
2020-10-11,5697.0,50437.0,3005.0,59139.0,217.0,57.0,51.0,35.0,32.0,649.0,4.0,4.0
2020-10-12,5833.0,51105.0,3008.0,59946.0,203.0,58.0,53.0,33.0,30.0,807.0,-14.0,1.0
2020-10-13,5946.0,51729.0,3017.0,60692.0,230.0,65.0,60.0,37.0,34.0,746.0,27.0,7.0
2020-10-14,5884.0,52512.0,3017.0,61413.0,231.0,68.0,64.0,38.0,35.0,721.0,1.0,3.0
2020-10-15,5883.0,53291.0,3022.0,62196.0,253.0,67.0,62.0,35.0,31.0,783.0,22.0,-1.0
2020-10-16,5873.0,54004.0,3031.0,62908.0,261.0,72.0,67.0,39.0,36.0,712.0,8.0,5.0
2020-10-17,5986.0,54686.0,3041.0,63713.0,278.0,77.0,72.0,45.0,42.0,805.0,17.0,5.0
2020-10-18,5954.0,55371.0,3046.0,64371.0,247.0,76.0,71.0,46.0,43.0,658.0,-31.0,-1.0
2020-10-19,6047.0,55978.0,3050.0,65075.0,252.0,74.0,69.0,42.0,40.0,704.0,5.0,-2.0
2020-10-20,6237.0,56606.0,3053.0,65896.0,274.0,77.0,72.0,48.0,45.0,821.0,22.0,3.0
2020-10-21,6299.0,57325.0,3062.0,66686.0,260.0,76.0,71.0,53.0,49.0,790.0,-14.0,-1.0
2020-10-22,6390.0,58066.0,3071.0,67527.0,270.0,83.0,74.0,54.0,48.0,841.0,10.0,7.0
2020-10-23,6474.0,58799.0,3080.0,68353.0,276.0,87.0,78.0,54.0,47.0,826.0,6.0,4.0
2020-10-24,6821.0,59424.0,3086.0,69331.0,294.0,90.0,82.0,60.0,53.0,978.0,18.0,3.0
2020-10-25,7120.0,60160.0,3093.0,70373.0,278.0,86.0,79.0,61.0,54.0,1042.0,-16.0,-4.0
2020-10-26,7286.0,60839.0,3099.0,71224.0,295.0,85.0,78.0,57.0,51.0,851.0,17.0,-1.0
2020-10-27,7418.0,61530.0,3103.0,72051.0,312.0,82.0,75.0,58.0,52.0,827.0,17.0,-3.0
2020-10-28,7474.0,62303.0,3108.0,72885.0,312.0,79.0,71.0,58.0,51.0,834.0,0.0,-3.0
2020-10-29,7578.0,63123.0,3118.0,73819.0,322.0,86.0,77.0,58.0,52.0,934.0,10.0,7.0
2020-10-30,7669.0,63919.0,3127.0,74715.0,314.0,86.0,75.0,60.0,52.0,896.0,-8.0,0.0
2020-10-31,7877.0,64717.0,3136.0,75730.0,320.0,83.0,73.0,63.0,54.0,1015.0,6.0,-3.0
2020-11-01,7981.0,65581.0,3145.0,76707.0,350.0,82.0,72.0,53.0,46.0,977.0,30.0,-1.0
2020-11-02,8096.0,66407.0,3152.0,77655.0,328.0,86.0,75.0,53.0,45.0,948.0,-22.0,4.0
2020-11-03,8295.0,67244.0,3166.0,78705.0,357.0,85.0,73.0,55.0,47.0,1050.0,29.0,-1.0
2020-11-04,8321.0,68189.0,3182.0,79692.0,367.0,85.0,75.0,52.0,44.0,987.0,10.0,0.0
2020-11-05,8358.0,69137.0,3195.0,80690.0,381.0,97.0,86.0,55.0,48.0,998.0,14.0,12.0
2020-11-06,8398.0,70086.0,3209.0,81693.0,380.0,97.0,86.0,55.0,49.0,1003.0,-1.0,0.0
2020-11-07,8667.0,70938.0,3220.0,82825.0,384.0,101.0,88.0,59.0,52.0,1132.0,4.0,4.0
2020-11-08,9105.0,71815.0,3233.0,84153.0,374.0,99.0,86.0,56.0,51.0,1328.0,-10.0,-2.0
2020-11-09,9514.0,72636.0,3245.0,85395.0,367.0,96.0,84.0,59.0,54.0,1242.0,-7.0,-3.0
2020-11-10,10106.0,73417.0,3260.0,86783.0,422.0,93.0,82.0,59.0,54.0,1388.0,55.0,-3.0
2020-11-11,10631.0,74303.0,3275.0,88209.0,424.0,99.0,88.0,61.0,57.0,1426.0,2.0,6.0
2020-11-12,11271.0,75220.0,3293.0,89784.0,431.0,107.0,98.0,66.0,62.0,1575.0,7.0,8.0
2020-11-13,11630.0,76238.0,3312.0,91180.0,452.0,114.0,106.0,74.0,67.0,1396.0,21.0,7.0
2020-11-14,12188.0,77241.0,3332.0,92761.0,502.0,116.0,107.0,75.0,66.0,1581.0,50.0,2.0
2020-11-15,12345.0,78303.0,3361.0,94009.0,479.0,127.0,118.0,74.0,67.0,1248.0,-23.0,11.0
2020-11-16,12830.0,79295.0,3371.0,95496.0,500.0,134.0,125.0,77.0,70.0,1487.0,21.0,7.0
2020-11-17,12932.0,80430.0,3383.0,96745.0,529.0,137.0,127.0,82.0,75.0,1249.0,29.0,3.0
2020-11-18,12822.0,81925.0,3415.0,98162.0,535.0,137.0,127.0,86.0,78.0,1417.0,6.0,0.0
2020-11-19,12628.0,83301.0,3443.0,99372.0,526.0,154.0,146.0,94.0,88.0,1210.0,-9.0,17.0
2020-11-20,12623.0,84716.0,3451.0,100790.0,518.0,151.0,142.0,98.0,92.0,1418.0,-8.0,-3.0
2020-11-21,12827.0,86079.0,3472.0,102378.0,513.0,154.0,146.0,93.0,87.0,1588.0,-5.0,3.0
2020-11-22,12918.0,87508.0,3486.0,103912.0,484.0,155.0,147.0,96.0,89.0,1534.0,-29.0,1.0
2020-11-23,13004.0,88992.0,3505.0,105501.0,507.0,164.0,156.0,98.0,92.0,1589.0,23.0,9.0
2020-11-24,12917.0,90074.0,3519.0,106510.0,534.0,167.0,159.0,97.0,91.0,1009.0,27.0,3.0
2020-11-25,12779.0,91550.0,3554.0,107883.0,523.0,167.0,159.0,112.0,106.0,1373.0,-11.0,0.0
2020-11-26,12871.0,92915.0,3575.0,109361.0,556.0,157.0,151.0,109.0,105.0,1478.0,33.0,-10.0
2020-11-27,13255.0,94366.0,3595.0,111216.0,541.0,160.0,151.0,109.0,101.0,1855.0,-15.0,3.0
2020-11-28,13538.0,95876.0,3624.0,113038.0,595.0,162.0,155.0,105.0,99.0,1822.0,54.0,2.0
2020-11-29,13779.0,97319.0,3648.0,114746.0,586.0,167.0,156.0,97.0,91.0,1708.0,-9.0,5.0
2020-11-30,14197.0,98639.0,3656.0,116492.0,618.0,179.0,168.0,115.0,108.0,1746.0,32.0,12.0
2020-12-01,14524.0,100012.0,3663.0,118199.0,645.0,195.0,185.0,119.0,112.0,1707.0,27.0,16.0
2020-12-02,14526.0,101698.0,3698.0,119922.0,656.0,192.0,183.0,112.0,106.0,1723.0,11.0,-3.0
2020-12-03,14795.0,103239.0,3712.0,121746.0,666.0,208.0,195.0,117.0,107.0,1824.0,10.0,16.0
2020-12-04,14997.0,104792.0,3737.0,123526.0,674.0,219.0,207.0,123.0,116.0,1780.0,8.0,11.0
2020-12-05,15212.0,106416.0,3757.0,125385.0,709.0,214.0,202.0,126.0,116.0,1859.0,35.0,-5.0
2020-12-06,15547.0,107990.0,3772.0,127309.0,701.0,217.0,204.0,119.0,109.0,1924.0,-8.0,3.0
2020-12-07,16034.0,109402.0,3798.0,129234.0,725.0,227.0,213.0,131.0,121.0,1925.0,24.0,10.0
2020-12-08,16151.0,110951.0,3808.0,130910.0,794.0,233.0,219.0,143.0,132.0,1676.0,69.0,6.0
2020-12-09,16089.0,112875.0,3836.0,132800.0,811.0,234.0,221.0,139.0,129.0,1890.0,17.0,1.0
2020-12-10,16233.0,114679.0,3871.0,134783.0,829.0,242.0,228.0,143.0,132.0,1983.0,18.0,8.0
2020-12-11,16283.0,116432.0,3916.0,136631.0,808.0,251.0,235.0,133.0,124.0,1848.0,-21.0,9.0
2020-12-12,16221.0,118350.0,3933.0,138504.0,855.0,253.0,237.0,153.0,143.0,1873.0,47.0,2.0
2020-12-13,16204.0,120028.0,3949.0,140181.0,813.0,271.0,253.0,151.0,142.0,1677.0,-42.0,18.0
2020-12-14,16586.0,121563.0,3972.0,142121.0,857.0,264.0,244.0,161.0,149.0,1940.0,44.0,-7.0
2020-12-15,17031.0,123373.0,3992.0,144396.0,921.0,269.0,249.0,170.0,156.0,2275.0,64.0,5.0
2020-12-16,17084.0,125416.0,4035.0,146535.0,932.0,277.0,256.0,168.0,157.0,2139.0,11.0,8.0
2020-12-17,17484.0,127425.0,4058.0,148967.0,919.0,282.0,263.0,182.0,172.0,2432.0,-13.0,5.0
2020-12-18,17742.0,129417.0,4098.0,151257.0,877.0,278.0,261.0,178.0,168.0,2290.0,-42.0,-4.0
2020-12-19,18207.0,131282.0,4125.0,153614.0,895.0,271.0,256.0,152.0,146.0,2357.0,18.0,-7.0
2020-12-20,18567.0,133213.0,4150.0,155930.0,875.0,277.0,261.0,165.0,156.0,2316.0,-20.0,6.0
2020-12-21,19019.0,134867.0,4167.0,158053.0,915.0,280.0,265.0,160.0,152.0,2123.0,40.0,3.0
2020-12-22,19300.0,136767.0,4188.0,160255.0,1005.0,288.0,273.0,180.0,172.0,2202.0,90.0,8.0
2020-12-23,19424.0,139010.0,4229.0,162663.0,1002.0,291.0,275.0,196.0,186.0,2408.0,-3.0,3.0
2020-12-24,19809.0,141023.0,4278.0,165110.0,967.0,297.0,277.0,188.0,176.0,2447.0,-35.0,6.0
2020-12-25,19688.0,143260.0,4321.0,167269.0,998.0,298.0,280.0,166.0,156.0,2159.0,31.0,1.0
2020-12-26,19879.0,145173.0,4359.0,169411.0,755.0,307.0,286.0,198.0,187.0,2142.0,-243.0,9.0
2020-12-27,19861.0,147178.0,4377.0,171416.0,823.0,303.0,285.0,205.0,194.0,2005.0,68.0,-4.0
2020-12-28,19612.0,149329.0,4414.0,173355.0,875.0,315.0,296.0,223.0,211.0,1939.0,52.0,12.0
2020-12-29,19891.0,151562.0,4455.0,175908.0,864.0,324.0,304.0,218.0,207.0,2553.0,-11.0,9.0
2020-12-30,20558.0,153799.0,4474.0,178831.0,1177.0,342.0,323.0,212.0,204.0,2923.0,313.0,18.0
2020-12-31,21617.0,156012.0,4530.0,182159.0,1235.0,354.0,337.0,219.0,210.0,3328.0,58.0,12.0
2021-01-01,21582.0,158472.0,4581.0,184635.0,1260.0,355.0,336.0,232.0,221.0,2476.0,25.0,1.0
2021-01-02,22847.0,160526.0,4625.0,187998.0,1003.0,344.0,322.0,230.0,220.0,3363.0,-257.0,-11.0
2021-01-03,23611.0,162701.0,4650.0,190962.0,998.0,352.0,329.0,240.0,228.0,2964.0,-5.0,8.0
2021-01-04,24778.0,164775.0,4679.0,194232.0,1190.0,355.0,333.0,205.0,194.0,3270.0,192.0,3.0
2021-01-05,25840.0,166790.0,4730.0,197360.0,1347.0,375.0,352.0,257.0,245.0,3128.0,157.0,20.0
2021-01-06,26064.0,169795.0,4767.0,200626.0,1463.0,381.0,361.0,256.0,246.0,3266.0,116.0,6.0
2021-01-07,26718.0,172571.0,4856.0,204145.0,1472.0,382.0,363.0,251.0,242.0,3519.0,9.0,1.0
2021-01-08,28203.0,175309.0,4882.0,208394.0,1446.0,394.0,369.0,263.0,250.0,4249.0,-26.0,12.0
2021-01-09,28691.0,178224.0,4922.0,211837.0,1457.0,409.0,382.0,257.0,244.0,3443.0,11.0,15.0
2021-01-10,30079.0,180720.0,4983.0,215782.0,1483.0,411.0,388.0,278.0,266.0,3945.0,26.0,2.0
2021-01-11,30632.0,183476.0,5012.0,219120.0,1563.0,412.0,387.0,279.0,268.0,3338.0,80.0,1.0
2021-01-12,30141.0,186829.0,5053.0,222023.0,1701.0,411.0,385.0,274.0,262.0,2903.0,138.0,-1.0
2021-01-13,29636.0,190221.0,5127.0,224984.0,1674.0,409.0,385.0,289.0,276.0,2961.0,-27.0,-2.0
2021-01-14,29307.0,193814.0,5189.0,228310.0,1657.0,413.0,388.0,295.0,280.0,3326.0,-17.0,4.0
2021-01-15,28825.0,197194.0,5289.0,231308.0,1647.0,413.0,387.0,294.0,280.0,2998.0,-10.0,0.0
2021-01-16,28618.0,200406.0,5340.0,234364.0,1632.0,421.0,397.0,297.0,281.0,3056.0,-15.0,8.0
2021-01-17,28893.0,203484.0,5409.0,237786.0,1570.0,415.0,395.0,306.0,293.0,3422.0,-62.0,-6.0
2021-01-18,28621.0,206310.0,5433.0,240364.0,1571.0,416.0,394.0,314.0,303.0,2578.0,1.0,1.0
2021-01-19,27615.0,209183.0,5479.0,242277.0,1626.0,420.0,400.0,304.0,292.0,1913.0,55.0,4.0
2021-01-20,26467.0,212897.0,5568.0,244932.0,1598.0,416.0,395.0,311.0,296.0,2655.0,-28.0,-4.0
2021-01-21,26063.0,215887.0,5614.0,247564.0,1533.0,410.0,388.0,305.0,293.0,2632.0,-65.0,-6.0
2021-01-22,25263.0,219262.0,5701.0,250226.0,1512.0,406.0,383.0,304.0,291.0,2662.0,-21.0,-4.0
2021-01-23,24545.0,222287.0,5753.0,252585.0,1501.0,418.0,395.0,313.0,299.0,2359.0,-11.0,12.0
2021-01-24,24153.0,225046.0,5803.0,255002.0,1436.0,413.0,392.0,315.0,301.0,2417.0,-65.0,-5.0
2021-01-25,23620.0,227494.0,5846.0,256960.0,1398.0,418.0,397.0,297.0,283.0,1958.0,-38.0,5.0
2021-01-26,23036.0,229755.0,5909.0,258700.0,1466.0,405.0,383.0,310.0,298.0,1740.0,68.0,-13.0
2021-01-27,21932.0,232480.0,5958.0,260370.0,1382.0,400.0,377.0,305.0,291.0,1670.0,-84.0,-5.0
2021-01-28,21478.0,234971.0,6014.0,262463.0,1338.0,386.0,358.0,296.0,276.0,2093.0,-44.0,-14.0
2021-01-29,20357.0,237871.0,6072.0,264300.0,1291.0,391.0,360.0,293.0,271.0,1837.0,-47.0,5.0
2021-01-30,19724.0,240494.0,6145.0,266363.0,1273.0,385.0,353.0,230.0,216.0,2063.0,-18.0,-6.0
2021-01-31,19216.0,242807.0,6188.0,268211.0,1159.0,385.0,356.0,272.0,252.0,1848.0,-114.0,0.0
2021-02-01,19017.0,244939.0,6224.0,270180.0,1158.0,383.0,354.0,277.0,260.0,1969.0,-1.0,-2.0
2021-02-02,17451.0,247236.0,6238.0,270925.0,1192.0,369.0,341.0,271.0,253.0,745.0,34.0,-14.0
2021-02-03,16811.0,248981.0,6305.0,272097.0,1066.0,368.0,336.0,275.0,254.0,1172.0,-126.0,-1.0
2021-02-04,16330.0,250937.0,6393.0,273660.0,1101.0,356.0,323.0,266.0,241.0,1563.0,35.0,-12.0
2021-02-05,15722.0,253170.0,6438.0,275330.0,1043.0,359.0,325.0,251.0,225.0,1670.0,-58.0,3.0
2021-02-06,15269.0,254966.0,6483.0,276718.0,1021.0,364.0,325.0,254.0,228.0,1388.0,-22.0,5.0
2021-02-07,14799.0,256903.0,6505.0,278207.0,926.0,372.0,335.0,260.0,233.0,1489.0,-95.0,8.0
2021-02-08,14331.0,258603.0,6538.0,279472.0,901.0,370.0,335.0,251.0,226.0,1265.0,-25.0,-2.0
2021-02-09,13948.0,259991.0,6555.0,280494.0,909.0,349.0,318.0,244.0,223.0,1022.0,8.0,-21.0
2021-02-10,13270.0,261700.0,6596.0,281566.0,948.0,341.0,313.0,245.0,226.0,1072.0,39.0,-8.0
2021-02-11,12853.0,263044.0,6614.0,282511.0,883.0,331.0,299.0,233.0,211.0,945.0,-65.0,-10.0
2021-02-12,12496.0,264459.0,6632.0,283587.0,763.0,328.0,295.0,228.0,204.0,1076.0,-120.0,-3.0
2021-02-13,12343.0,265893.0,6651.0,284887.0,786.0,322.0,287.0,229.0,203.0,1300.0,23.0,-6.0
2021-02-14,12047.0,267128.0,6693.0,285868.0,705.0,329.0,292.0,230.0,203.0,981.0,-81.0,7.0
2021-02-15,11825.0,268301.0,6706.0,286832.0,739.0,331.0,293.0,224.0,199.0,964.0,34.0,2.0
2021-02-16,11604.0,269413.0,6719.0,287736.0,742.0,333.0,292.0,224.0,201.0,904.0,3.0,2.0
2021-02-17,10985.0,270869.0,6729.0,288583.0,719.0,334.0,298.0,231.0,211.0,847.0,-23.0,1.0
2021-02-18,10702.0,272146.0,6773.0,289621.0,758.0,316.0,277.0,213.0,192.0,1038.0,39.0,-18.0
2021-02-19,10550.0,273401.0,6820.0,290771.0,689.0,307.0,269.0,210.0,190.0,1150.0,-69.0,-9.0
2021-02-20,10437.0,274714.0,6848.0,291999.0,699.0,294.0,263.0,198.0,181.0,1228.0,10.0,-13.0
2021-02-21,10371.0,275854.0,6861.0,293086.0,660.0,307.0,277.0,196.0,181.0,1087.0,-39.0,13.0
2021-02-22,10335.0,276937.0,6872.0,294144.0,646.0,310.0,280.0,204.0,189.0,1058.0,-14.0,3.0
2021-02-23,10296.0,277939.0,6884.0,295119.0,718.0,313.0,283.0,200.0,186.0,975.0,72.0,3.0
2021-02-24,10050.0,279230.0,6893.0,296173.0,675.0,316.0,287.0,193.0,182.0,1054.0,-43.0,3.0
2021-02-25,10071.0,280324.0,6916.0,297311.0,687.0,313.0,283.0,193.0,182.0,1138.0,12.0,-3.0
2021-02-26,10294.0,281331.0,6944.0,298569.0,683.0,317.0,284.0,211.0,193.0,1258.0,-4.0,4.0
2021-02-27,10479.0,282315.0,6960.0,299754.0,680.0,308.0,276.0,197.0,182.0,1185.0,-3.0,-9.0
2021-02-28,10492.0,283344.0,6980.0,300816.0,627.0,322.0,289.0,200.0,185.0,1062.0,-53.0,14.0
2021-03-01,10570.0,284283.0,6986.0,301839.0,659.0,311.0,280.0,192.0,175.0,1023.0,32.0,-11.0
2021-03-02,10546.0,285262.0,6997.0,302805.0,677.0,310.0,284.0,202.0,189.0,966.0,18.0,-1.0
2021-03-03,10397.0,286352.0,7014.0,303763.0,668.0,301.0,274.0,203.0,188.0,958.0,-9.0,-9.0
2021-03-04,10309.0,287424.0,7024.0,304757.0,649.0,306.0,281.0,198.0,183.0,994.0,-19.0,5.0
2021-03-05,10378.0,288583.0,7046.0,306007.0,643.0,312.0,280.0,199.0,183.0,1250.0,-6.0,6.0
2021-03-06,10210.0,289735.0,7052.0,306997.0,620.0,312.0,278.0,198.0,181.0,990.0,-23.0,0.0
2021-03-07,10389.0,290840.0,7067.0,308296.0,606.0,308.0,273.0,197.0,179.0,1299.0,-14.0,-4.0
2021-03-08,11016.0,291834.0,7077.0,309927.0,626.0,318.0,282.0,203.0,184.0,1631.0,20.0,10.0
2021-03-09,11223.0,292806.0,7083.0,311112.0,689.0,326.0,290.0,203.0,184.0,1185.0,63.0,8.0
2021-03-10,11311.0,294018.0,7099.0,312428.0,678.0,309.0,281.0,194.0,178.0,1316.0,-11.0,-17.0
2021-03-11,11283.0,295128.0,7109.0,313520.0,680.0,308.0,277.0,202.0,184.0,1092.0,2.0,-1.0
2021-03-12,11512.0,296252.0,7127.0,314891.0,676.0,314.0,282.0,206.0,189.0,1371.0,-4.0,6.0
2021-03-13,11818.0,297403.0,7138.0,316359.0,689.0,308.0,275.0,191.0,175.0,1468.0,13.0,-6.0
2021-03-14,12383.0,298570.0,7153.0,318106.0,601.0,316.0,282.0,201.0,186.0,1747.0,-88.0,8.0
2021-03-15,12528.0,299684.0,7162.0,319374.0,699.0,329.0,298.0,202.0,187.0,1268.0,98.0,13.0
2021-03-16,12506.0,300769.0,7173.0,320448.0,761.0,325.0,292.0,209.0,194.0,1074.0,62.0,-4.0
2021-03-17,12512.0,302257.0,7187.0,321956.0,741.0,334.0,300.0,204.0,190.0,1508.0,-20.0,9.0
2021-03-18,12814.0,303493.0,7202.0,323509.0,730.0,341.0,304.0,205.0,186.0,1553.0,-11.0,7.0
2021-03-19,13253.0,304789.0,7212.0,325254.0,759.0,346.0,309.0,192.0,176.0,1745.0,29.0,5.0
2021-03-20,13810.0,306050.0,7223.0,327083.0,765.0,335.0,302.0,208.0,189.0,1829.0,6.0,-11.0
2021-03-21,14230.0,307403.0,7241.0,328874.0,760.0,340.0,305.0,206.0,186.0,1791.0,-5.0,5.0
2021-03-22,14751.0,308578.0,7244.0,330573.0,813.0,331.0,298.0,206.0,186.0,1699.0,53.0,-9.0
2021-03-23,15017.0,309849.0,7253.0,332119.0,868.0,357.0,324.0,208.0,193.0,1546.0,55.0,26.0
2021-03-24,15047.0,311380.0,7263.0,333690.0,893.0,363.0,333.0,228.0,210.0,1571.0,25.0,6.0
2021-03-25,16081.0,312709.0,7280.0,336070.0,894.0,360.0,332.0,227.0,212.0,2380.0,1.0,-3.0
2021-03-26,16563.0,314384.0,7292.0,338239.0,913.0,384.0,359.0,226.0,215.0,2169.0,19.0,24.0
2021-03-27,17519.0,315865.0,7308.0,340692.0,985.0,392.0,365.0,201.0,192.0,2453.0,72.0,8.0
2021-03-28,18405.0,317408.0,7327.0,343140.0,917.0,393.0,366.0,227.0,217.0,2448.0,-68.0,1.0
2021-03-29,18965.0,318932.0,7337.0,345234.0,841.0,409.0,382.0,246.0,236.0,2094.0,-76.0,16.0
2021-03-30,19810.0,320409.0,7351.0,347570.0,1090.0,411.0,387.0,257.0,249.0,2336.0,249.0,2.0
2021-03-31,20155.0,322382.0,7366.0,349903.0,1111.0,424.0,396.0,261.0,252.0,2333.0,21.0,13.0
2021-04-01,20875.0,324196.0,7389.0,352460.0,1116.0,433.0,406.0,259.0,250.0,2557.0,5.0,9.0
2021-04-02,22016.0,326121.0,7412.0,355549.0,1162.0,435.0,408.0,271.0,261.0,3089.0,46.0,2.0
2021-04-03,23190.0,327940.0,7428.0,358558.0,796.0,451.0,423.0,261.0,252.0,3009.0,-366.0,16.0
2021-04-04,24320.0,329839.0,7440.0,361599.0,811.0,476.0,449.0,262.0,254.0,3041.0,15.0,25.0
2021-04-05,25487.0,331600.0,7450.0,364537.0,942.0,494.0,469.0,293.0,284.0,2938.0,131.0,18.0
2021-04-06,26568.0,333576.0,7458.0,367602.0,1161.0,510.0,482.0,310.0,299.0,3065.0,219.0,16.0
2021-04-07,27359.0,335983.0,7475.0,370817.0,1397.0,504.0,476.0,311.0,301.0,3215.0,236.0,-6.0
2021-04-08,28059.0,338559.0,7494.0,374112.0,1417.0,525.0,496.0,331.0,318.0,3295.0,20.0,21.0
2021-04-09,29627.0,341200.0,7512.0,378339.0,1492.0,552.0,519.0,359.0,344.0,4227.0,75.0,27.0
2021-04-10,30999.0,343622.0,7531.0,382152.0,1524.0,585.0,554.0,384.0,370.0,3813.0,32.0,33.0
2021-04-11,32817.0,346239.0,7552.0,386608.0,1513.0,605.0,575.0,382.0,364.0,4456.0,-11.0,20.0
2021-04-12,34758.0,348684.0,7567.0,391009.0,1646.0,619.0,590.0,408.0,395.0,4401.0,133.0,14.0
