country_region,sub_region_1,sub_region_2,date,retail_and_recreation_percent_change_from_baseline,grocery_and_pharmacy_percent_change_from_baseline,parks_percent_change_from_baseline,transit_stations_percent_change_from_baseline,workplaces_percent_change_from_baseline,residential_percent_change_from_baseline,sd_score,standarized_sd_score
Canada,Ontario,,2020-02-15,2.0,3.0,20.0,5.0,1.0,-1.0,-32.0,28.35314091680815
Canada,Ontario,,2020-02-16,16.0,13.0,44.0,5.0,-2.0,-2.0,-78.0,20.54329371816638
Canada,Ontario,,2020-02-17,-26.0,-37.0,70.0,-40.0,-72.0,16.0,121.0,54.32937181663837
Canada,Ontario,,2020-02-18,-1.0,12.0,-5.0,2.0,0.0,1.0,-7.0,32.597623089983024
Canada,Ontario,,2020-02-19,0.0,4.0,-4.0,-2.0,1.0,0.0,1.0,33.95585738539898
Canada,Ontario,,2020-02-20,4.0,4.0,3.0,0.0,2.0,0.0,-13.0,31.57894736842105
Canada,Ontario,,2020-02-21,1.0,-3.0,11.0,-1.0,-7.0,1.0,0.0,33.78607809847199
Canada,Ontario,,2020-02-22,8.0,6.0,44.0,11.0,7.0,-2.0,-78.0,20.54329371816638
Canada,Ontario,,2020-02-23,12.0,6.0,53.0,9.0,5.0,-1.0,-86.0,19.185059422750424
Canada,Ontario,,2020-02-24,2.0,2.0,18.0,-2.0,2.0,0.0,-22.0,30.050933786078097
Canada,Ontario,,2020-02-25,1.0,7.0,2.0,1.0,3.0,0.0,-14.0,31.40916808149406
Canada,Ontario,,2020-02-26,-8.0,-5.0,-15.0,-6.0,-2.0,3.0,39.0,40.407470288624786
Canada,Ontario,,2020-02-27,-13.0,-12.0,-17.0,-5.0,-8.0,5.0,60.0,43.97283531409168
Canada,Ontario,,2020-02-28,-5.0,-4.0,-10.0,-1.0,-1.0,2.0,23.0,37.69100169779287
Canada,Ontario,,2020-02-29,5.0,6.0,9.0,6.0,8.0,-1.0,-35.0,27.843803056027166
Canada,Ontario,,2020-03-01,11.0,10.0,23.0,4.0,6.0,-1.0,-55.0,24.448217317487266
Canada,Ontario,,2020-03-02,2.0,4.0,0.0,-2.0,4.0,0.0,-8.0,32.42784380305603
Canada,Ontario,,2020-03-03,1.0,3.0,-6.0,0.0,4.0,0.0,-2.0,33.446519524618
Canada,Ontario,,2020-03-04,4.0,4.0,1.0,0.0,4.0,0.0,-13.0,31.57894736842105
Canada,Ontario,,2020-03-05,6.0,6.0,21.0,2.0,0.0,0.0,-35.0,27.843803056027166
Canada,Ontario,,2020-03-06,-3.0,-4.0,-4.0,-3.0,3.0,1.0,12.0,35.82342954159593
Canada,Ontario,,2020-03-07,10.0,9.0,41.0,8.0,9.0,-1.0,-78.0,20.54329371816638
Canada,Ontario,,2020-03-08,13.0,10.0,86.0,6.0,5.0,-1.0,-121.0,13.242784380305602
Canada,Ontario,,2020-03-09,4.0,5.0,41.0,-3.0,3.0,1.0,-49.0,25.46689303904924
Canada,Ontario,,2020-03-10,1.0,4.0,-2.0,-4.0,3.0,1.0,-1.0,33.61629881154499
Canada,Ontario,,2020-03-11,3.0,7.0,1.0,-5.0,2.0,1.0,-7.0,32.597623089983024
Canada,Ontario,,2020-03-12,6.0,32.0,9.0,-6.0,1.0,1.0,-41.0,26.825127334465193
Canada,Ontario,,2020-03-13,-3.0,41.0,-7.0,-16.0,-4.0,3.0,-8.0,32.42784380305603
Canada,Ontario,,2020-03-14,-10.0,26.0,5.0,-17.0,0.0,3.0,-1.0,33.61629881154499
Canada,Ontario,,2020-03-15,-10.0,14.0,44.0,-22.0,-6.0,4.0,-16.0,31.069609507640067
Canada,Ontario,,2020-03-16,-12.0,27.0,10.0,-39.0,-31.0,11.0,56.0,43.2937181663837
Canada,Ontario,,2020-03-17,-29.0,15.0,2.0,-46.0,-39.0,15.0,112.0,52.801358234295414
Canada,Ontario,,2020-03-18,-36.0,1.0,1.0,-51.0,-44.0,17.0,146.0,58.57385398981324
Canada,Ontario,,2020-03-19,-38.0,2.0,11.0,-54.0,-47.0,19.0,145.0,58.40407470288624
Canada,Ontario,,2020-03-20,-45.0,-8.0,-15.0,-56.0,-49.0,21.0,194.0,66.723259762309
Canada,Ontario,,2020-03-21,-48.0,-12.0,16.0,-49.0,-34.0,13.0,140.0,57.555178268251275
Canada,Ontario,,2020-03-22,-51.0,-22.0,6.0,-55.0,-38.0,12.0,172.0,62.98811544991511
Canada,Ontario,,2020-03-23,-47.0,-13.0,-39.0,-66.0,-55.0,22.0,242.0,74.87266553480475
Canada,Ontario,,2020-03-24,-48.0,-12.0,-6.0,-64.0,-57.0,22.0,209.0,69.26994906621393
Canada,Ontario,,2020-03-25,-54.0,-23.0,5.0,-67.0,-61.0,25.0,225.0,71.98641765704585
Canada,Ontario,,2020-03-26,-55.0,-22.0,-10.0,-68.0,-61.0,26.0,242.0,74.87266553480475
Canada,Ontario,,2020-03-27,-54.0,-21.0,10.0,-67.0,-61.0,26.0,219.0,70.96774193548387
Canada,Ontario,,2020-03-28,-60.0,-29.0,-31.0,-65.0,-46.0,16.0,247.0,75.72156196943973
Canada,Ontario,,2020-03-29,-59.0,-33.0,-14.0,-66.0,-46.0,14.0,232.0,73.1748726655348
Canada,Ontario,,2020-03-30,-55.0,-27.0,-34.0,-71.0,-63.0,25.0,275.0,80.4753820033956
Canada,Ontario,,2020-03-31,-51.0,-17.0,-27.0,-69.0,-62.0,24.0,250.0,76.23089983022071
Canada,Ontario,,2020-04-01,-51.0,-21.0,1.0,-69.0,-63.0,25.0,228.0,72.49575551782682
Canada,Ontario,,2020-04-02,-51.0,-20.0,3.0,-69.0,-63.0,26.0,226.0,72.15619694397284
Canada,Ontario,,2020-04-03,-55.0,-22.0,-28.0,-70.0,-62.0,27.0,264.0,78.60780984719864
Canada,Ontario,,2020-04-04,-57.0,-27.0,-18.0,-63.0,-46.0,16.0,227.0,72.32597623089984
Canada,Ontario,,2020-04-05,-60.0,-32.0,-11.0,-67.0,-47.0,14.0,231.0,73.00509337860781
Canada,Ontario,,2020-04-06,-55.0,-23.0,-5.0,-70.0,-63.0,24.0,240.0,74.53310696095076
Canada,Ontario,,2020-04-07,-55.0,-18.0,-21.0,-69.0,-63.0,25.0,251.0,76.4006791171477
Canada,Ontario,,2020-04-08,-52.0,-14.0,-10.0,-69.0,-64.0,25.0,234.0,73.5144312393888
Canada,Ontario,,2020-04-09,-44.0,7.0,-31.0,-68.0,-64.0,25.0,225.0,71.98641765704585
Canada,Ontario,,2020-04-10,-82.0,-67.0,-38.0,-81.0,-86.0,36.0,390.0,100.0
Canada,Ontario,,2020-04-11,-54.0,-9.0,-20.0,-62.0,-48.0,16.0,209.0,69.26994906621393
Canada,Ontario,,2020-04-12,-80.0,-68.0,-20.0,-70.0,-55.0,15.0,308.0,86.07809847198642
Canada,Ontario,,2020-04-13,-58.0,-25.0,-47.0,-75.0,-69.0,27.0,301.0,84.88964346349745
Canada,Ontario,,2020-04-14,-52.0,-14.0,-31.0,-70.0,-63.0,25.0,255.0,77.07979626485569
Canada,Ontario,,2020-04-15,-53.0,-20.0,-37.0,-70.0,-63.0,26.0,269.0,79.45670628183362
Canada,Ontario,,2020-04-16,-54.0,-19.0,-32.0,-70.0,-63.0,27.0,265.0,78.77758913412563
Canada,Ontario,,2020-04-17,-56.0,-23.0,-33.0,-69.0,-62.0,28.0,271.0,79.79626485568761
Canada,Ontario,,2020-04-18,-58.0,-27.0,-11.0,-58.0,-43.0,15.0,212.0,69.77928692699491
Canada,Ontario,,2020-04-19,-61.0,-36.0,-36.0,-66.0,-44.0,14.0,257.0,77.41935483870968
Canada,Ontario,,2020-04-20,-53.0,-23.0,-5.0,-68.0,-62.0,24.0,235.0,73.68421052631578
Canada,Ontario,,2020-04-21,-56.0,-26.0,-44.0,-70.0,-62.0,25.0,283.0,81.83361629881153
Canada,Ontario,,2020-04-22,-54.0,-22.0,-27.0,-69.0,-62.0,25.0,259.0,77.75891341256367
Canada,Ontario,,2020-04-23,-54.0,-21.0,-25.0,-68.0,-62.0,26.0,256.0,77.24957555178268
Canada,Ontario,,2020-04-24,-56.0,-25.0,-19.0,-67.0,-61.0,26.0,254.0,76.91001697792869
Canada,Ontario,,2020-04-25,-56.0,-25.0,22.0,-54.0,-41.0,14.0,168.0,62.30899830220713
Canada,Ontario,,2020-04-26,-59.0,-32.0,-36.0,-65.0,-43.0,14.0,249.0,76.06112054329371
Canada,Ontario,,2020-04-27,-51.0,-20.0,19.0,-65.0,-60.0,23.0,200.0,67.74193548387096
Canada,Ontario,,2020-04-28,-51.0,-18.0,-3.0,-65.0,-61.0,18.0,216.0,70.45840407470288
Canada,Ontario,,2020-04-29,-53.0,-23.0,-31.0,-68.0,-61.0,25.0,261.0,78.09847198641766
Canada,Ontario,,2020-04-30,-51.0,-18.0,-24.0,-67.0,-61.0,26.0,247.0,75.72156196943973
Canada,Ontario,,2020-05-01,-51.0,-18.0,10.0,-63.0,-59.0,25.0,206.0,68.76061120543294
Canada,Ontario,,2020-05-02,-54.0,-23.0,1.0,-54.0,-39.0,14.0,183.0,64.85568760611206
Canada,Ontario,,2020-05-03,-49.0,-21.0,62.0,-52.0,-36.0,11.0,107.0,51.95246179966044
Canada,Ontario,,2020-05-04,-49.0,-18.0,-3.0,-66.0,-59.0,23.0,218.0,70.79796264855688
Canada,Ontario,,2020-05-05,-48.0,-14.0,4.0,-64.0,-59.0,23.0,204.0,68.42105263157895
Canada,Ontario,,2020-05-06,-47.0,-15.0,16.0,-63.0,-59.0,23.0,191.0,66.21392190152801
Canada,Ontario,,2020-05-07,-49.0,-14.0,-1.0,-65.0,-59.0,24.0,212.0,69.77928692699491
Canada,Ontario,,2020-05-08,-51.0,-16.0,-21.0,-65.0,-58.0,25.0,236.0,73.85398981324278
Canada,Ontario,,2020-05-09,-50.0,-14.0,-32.0,-59.0,-36.0,14.0,205.0,68.59083191850594
Canada,Ontario,,2020-05-10,-43.0,-16.0,-10.0,-57.0,-32.0,11.0,169.0,62.478777589134125
Canada,Ontario,,2020-05-11,-49.0,-22.0,-16.0,-66.0,-58.0,23.0,234.0,73.5144312393888
Canada,Ontario,,2020-05-12,-46.0,-14.0,0.0,-63.0,-56.0,22.0,201.0,67.91171477079796
Canada,Ontario,,2020-05-13,-42.0,-12.0,35.0,-60.0,-56.0,22.0,157.0,60.441426146010194
Canada,Ontario,,2020-05-14,-45.0,-15.0,-12.0,-64.0,-57.0,24.0,217.0,70.62818336162988
Canada,Ontario,,2020-05-15,-46.0,-15.0,-4.0,-63.0,-57.0,24.0,209.0,69.26994906621393
Canada,Ontario,,2020-05-16,-43.0,-14.0,92.0,-46.0,-33.0,10.0,54.0,42.95415959252971
Canada,Ontario,,2020-05-17,-40.0,-14.0,33.0,-56.0,-32.0,10.0,119.0,53.98981324278438
Canada,Ontario,,2020-05-18,-68.0,-56.0,-6.0,-78.0,-83.0,30.0,321.0,88.28522920203736
Canada,Ontario,,2020-05-19,-36.0,0.0,24.0,-59.0,-54.0,20.0,145.0,58.40407470288624
Canada,Ontario,,2020-05-20,-33.0,0.0,68.0,-56.0,-54.0,20.0,95.0,49.9151103565365
Canada,Ontario,,2020-05-21,-33.0,-2.0,80.0,-56.0,-54.0,20.0,85.0,48.217317487266556
Canada,Ontario,,2020-05-22,-38.0,-8.0,68.0,-56.0,-52.0,20.0,106.0,51.782682512733444
Canada,Ontario,,2020-05-23,-37.0,-9.0,114.0,-42.0,-25.0,9.0,8.0,35.144312393887944
Canada,Ontario,,2020-05-24,-34.0,-14.0,100.0,-46.0,-25.0,8.0,27.0,38.37011884550085
Canada,Ontario,,2020-05-25,-33.0,-7.0,71.0,-57.0,-54.0,19.0,99.0,50.59422750424448
Canada,Ontario,,2020-05-26,-33.0,-5.0,60.0,-56.0,-51.0,18.0,103.0,51.273344651952456
Canada,Ontario,,2020-05-27,-32.0,-5.0,60.0,-56.0,-52.0,19.0,104.0,51.44312393887945
Canada,Ontario,,2020-05-28,-36.0,-9.0,13.0,-58.0,-52.0,21.0,163.0,61.460101867572156
Canada,Ontario,,2020-05-29,-38.0,-10.0,17.0,-57.0,-50.0,21.0,159.0,60.78098471986417
Canada,Ontario,,2020-05-30,-36.0,-9.0,67.0,-41.0,-16.0,9.0,44.0,41.25636672325976
Canada,Ontario,,2020-05-31,-32.0,-12.0,84.0,-44.0,-15.0,7.0,26.0,38.20033955857385
Canada,Ontario,,2020-06-01,-31.0,-6.0,79.0,-54.0,-49.0,17.0,78.0,47.02886247877759
Canada,Ontario,,2020-06-02,-34.0,-6.0,51.0,-55.0,-49.0,18.0,111.0,52.63157894736842
Canada,Ontario,,2020-06-03,-33.0,-6.0,58.0,-55.0,-49.0,19.0,104.0,51.44312393887945
Canada,Ontario,,2020-06-04,-31.0,-3.0,96.0,-53.0,-49.0,18.0,58.0,43.63327674023769
Canada,Ontario,,2020-06-05,-35.0,-9.0,71.0,-55.0,-48.0,18.0,94.0,49.745331069609506
Canada,Ontario,,2020-06-06,-33.0,-7.0,131.0,-40.0,-15.0,8.0,-28.0,29.03225806451613
Canada,Ontario,,2020-06-07,-28.0,-10.0,143.0,-43.0,-14.0,6.0,-42.0,26.6553480475382
Canada,Ontario,,2020-06-08,-29.0,-6.0,98.0,-54.0,-48.0,16.0,55.0,43.12393887945671
Canada,Ontario,,2020-06-09,-31.0,-5.0,88.0,-54.0,-47.0,17.0,66.0,44.99151103565365
Canada,Ontario,,2020-06-10,-30.0,-6.0,45.0,-56.0,-48.0,18.0,113.0,52.97113752122241
Canada,Ontario,,2020-06-11,-28.0,-2.0,91.0,-52.0,-47.0,18.0,56.0,43.2937181663837
Canada,Ontario,,2020-06-12,-31.0,-6.0,88.0,-52.0,-46.0,17.0,64.0,44.65195246179966
Canada,Ontario,,2020-06-13,-29.0,-6.0,139.0,-36.0,-9.0,7.0,-52.0,24.95755517826825
Canada,Ontario,,2020-06-14,-25.0,-9.0,153.0,-40.0,-9.0,5.0,-65.0,22.75042444821732
Canada,Ontario,,2020-06-15,-26.0,-4.0,108.0,-52.0,-47.0,16.0,37.0,40.0679117147708
Canada,Ontario,,2020-06-16,-26.0,0.0,112.0,-51.0,-46.0,15.0,26.0,38.20033955857385
Canada,Ontario,,2020-06-17,-26.0,-2.0,110.0,-51.0,-46.0,16.0,31.0,39.04923599320883
Canada,Ontario,,2020-06-18,-25.0,2.0,121.0,-50.0,-46.0,16.0,14.0,36.16298811544992
Canada,Ontario,,2020-06-19,-27.0,-1.0,117.0,-49.0,-45.0,14.0,19.0,37.011884550084886
Canada,Ontario,,2020-06-20,-27.0,1.0,166.0,-34.0,-7.0,4.0,-95.0,17.65704584040747
Canada,Ontario,,2020-06-21,-24.0,-6.0,141.0,-40.0,-4.0,3.0,-64.0,22.920203735144312
Canada,Ontario,,2020-06-22,-27.0,-6.0,86.0,-52.0,-48.0,15.0,62.0,44.312393887945674
Canada,Ontario,,2020-06-23,-28.0,-4.0,48.0,-53.0,-48.0,16.0,101.0,50.93378607809848
Canada,Ontario,,2020-06-24,-23.0,0.0,85.0,-49.0,-46.0,16.0,49.0,42.10526315789473
Canada,Ontario,,2020-06-25,-22.0,2.0,120.0,-47.0,-45.0,15.0,7.0,34.974533106960955
Canada,Ontario,,2020-06-26,-26.0,-2.0,137.0,-46.0,-44.0,14.0,-5.0,32.93718166383701
Canada,Ontario,,2020-06-27,-27.0,-4.0,140.0,-32.0,-9.0,5.0,-63.0,23.089983022071305
Canada,Ontario,,2020-06-28,-22.0,-7.0,194.0,-33.0,-3.0,3.0,-126.0,12.39388794567063
Canada,Ontario,,2020-06-29,-18.0,3.0,140.0,-50.0,-47.0,13.0,-15.0,31.239388794567063
Canada,Ontario,,2020-06-30,-7.0,29.0,145.0,-46.0,-45.0,11.0,-65.0,22.75042444821732
Canada,Ontario,,2020-07-01,-47.0,-39.0,276.0,-59.0,-71.0,18.0,-42.0,26.6553480475382
Canada,Ontario,,2020-07-02,-16.0,11.0,136.0,-49.0,-49.0,14.0,-19.0,30.560271646859082
Canada,Ontario,,2020-07-03,-22.0,4.0,157.0,-49.0,-51.0,15.0,-24.0,29.711375212224105
Canada,Ontario,,2020-07-04,-25.0,-3.0,203.0,-34.0,-9.0,4.0,-128.0,12.054329371816639
Canada,Ontario,,2020-07-05,-20.0,-7.0,184.0,-36.0,-8.0,2.0,-111.0,14.94057724957555
Canada,Ontario,,2020-07-06,-19.0,2.0,135.0,-50.0,-47.0,14.0,-7.0,32.597623089983024
Canada,Ontario,,2020-07-07,-20.0,3.0,120.0,-49.0,-46.0,14.0,6.0,34.80475382003396
Canada,Ontario,,2020-07-08,-20.0,1.0,106.0,-50.0,-46.0,14.0,23.0,37.69100169779287
Canada,Ontario,,2020-07-09,-20.0,4.0,121.0,-49.0,-45.0,14.0,3.0,34.29541595925297
Canada,Ontario,,2020-07-10,-25.0,-2.0,108.0,-49.0,-45.0,14.0,27.0,38.37011884550085
Canada,Ontario,,2020-07-11,-26.0,-3.0,88.0,-38.0,-9.0,6.0,-6.0,32.76740237691001
Canada,Ontario,,2020-07-12,-18.0,-5.0,180.0,-35.0,-6.0,3.0,-113.0,14.60101867572156
Canada,Ontario,,2020-07-13,-19.0,-1.0,126.0,-50.0,-46.0,13.0,3.0,34.29541595925297
Canada,Ontario,,2020-07-14,-19.0,2.0,142.0,-49.0,-45.0,13.0,-18.0,30.730050933786078
Canada,Ontario,,2020-07-15,-18.0,1.0,133.0,-50.0,-45.0,13.0,-8.0,32.42784380305603
Canada,Ontario,,2020-07-16,-21.0,2.0,69.0,-51.0,-45.0,15.0,61.0,44.14261460101868
Canada,Ontario,,2020-07-17,-21.0,0.0,162.0,-47.0,-43.0,12.0,-39.0,27.164685908319186
Canada,Ontario,,2020-07-18,-22.0,-2.0,210.0,-32.0,-6.0,3.0,-145.0,9.168081494057725
Canada,Ontario,,2020-07-19,-23.0,-9.0,111.0,-40.0,-10.0,4.0,-25.0,29.541595925297116
Canada,Ontario,,2020-07-20,-17.0,3.0,154.0,-49.0,-46.0,12.0,-33.0,28.183361629881155
Canada,Ontario,,2020-07-21,-18.0,3.0,145.0,-49.0,-45.0,13.0,-23.0,29.8811544991511
Canada,Ontario,,2020-07-22,-21.0,-2.0,68.0,-52.0,-45.0,15.0,67.0,45.16129032258064
Canada,Ontario,,2020-07-23,-18.0,4.0,148.0,-48.0,-44.0,13.0,-29.0,28.862478777589136
Canada,Ontario,,2020-07-24,-22.0,-1.0,165.0,-47.0,-43.0,12.0,-40.0,26.99490662139219
Canada,Ontario,,2020-07-25,-22.0,-3.0,220.0,-31.0,-5.0,2.0,-157.0,7.130730050933787
Canada,Ontario,,2020-07-26,-17.0,-6.0,191.0,-35.0,-6.0,2.0,-125.0,12.563667232597622
Canada,Ontario,,2020-07-27,-20.0,-1.0,109.0,-51.0,-47.0,13.0,23.0,37.69100169779287
Canada,Ontario,,2020-07-28,-18.0,4.0,147.0,-49.0,-45.0,12.0,-27.0,29.20203735144312
Canada,Ontario,,2020-07-29,-16.0,2.0,125.0,-49.0,-45.0,13.0,-4.0,33.106960950764005
Canada,Ontario,,2020-07-30,-14.0,7.0,155.0,-46.0,-45.0,12.0,-45.0,26.146010186757216
Canada,Ontario,,2020-07-31,-17.0,4.0,180.0,-43.0,-45.0,10.0,-69.0,22.07130730050934
Canada,Ontario,,2020-08-01,-21.0,-3.0,229.0,-28.0,-9.0,1.0,-167.0,5.432937181663837
Canada,Ontario,,2020-08-02,-18.0,-6.0,86.0,-40.0,-14.0,4.0,-4.0,33.106960950764005
Canada,Ontario,,2020-08-03,-30.0,-23.0,178.0,-61.0,-74.0,18.0,28.0,38.539898132427844
Canada,Ontario,,2020-08-04,-18.0,3.0,63.0,-50.0,-47.0,13.0,62.0,44.312393887945674
Canada,Ontario,,2020-08-05,-13.0,5.0,148.0,-47.0,-45.0,12.0,-36.0,27.67402376910017
Canada,Ontario,,2020-08-06,-13.0,4.0,173.0,-46.0,-44.0,12.0,-62.0,23.2597623089983
Canada,Ontario,,2020-08-07,-19.0,-3.0,169.0,-45.0,-43.0,11.0,-48.0,25.636672325976228
Canada,Ontario,,2020-08-08,-18.0,-4.0,232.0,-28.0,-5.0,1.0,-176.0,3.904923599320883
Canada,Ontario,,2020-08-09,-14.0,-7.0,180.0,-33.0,-6.0,1.0,-119.0,13.582342954159593
Canada,Ontario,,2020-08-10,-16.0,-2.0,142.0,-50.0,-45.0,12.0,-17.0,30.89983022071307
Canada,Ontario,,2020-08-11,-16.0,1.0,128.0,-49.0,-44.0,12.0,-8.0,32.42784380305603
Canada,Ontario,,2020-08-12,-14.0,0.0,155.0,-48.0,-44.0,12.0,-37.0,27.504244482173174
Canada,Ontario,,2020-08-13,-14.0,2.0,164.0,-47.0,-44.0,12.0,-49.0,25.46689303904924
Canada,Ontario,,2020-08-14,-18.0,-2.0,165.0,-45.0,-43.0,10.0,-47.0,25.806451612903224
Canada,Ontario,,2020-08-15,-18.0,-4.0,225.0,-28.0,-5.0,1.0,-169.0,5.093378607809847
Canada,Ontario,,2020-08-16,-15.0,-7.0,127.0,-35.0,-8.0,2.0,-60.0,23.599320882852293
Canada,Ontario,,2020-08-17,-18.0,-4.0,107.0,-50.0,-45.0,12.0,22.0,37.521222410865875
Canada,Ontario,,2020-08-18,-15.0,1.0,136.0,-48.0,-43.0,11.0,-20.0,30.390492359932086
Canada,Ontario,,2020-08-19,-14.0,-1.0,140.0,-48.0,-43.0,12.0,-22.0,30.050933786078097
Canada,Ontario,,2020-08-20,-13.0,3.0,149.0,-46.0,-43.0,11.0,-39.0,27.164685908319186
Canada,Ontario,,2020-08-21,-18.0,-3.0,148.0,-45.0,-42.0,10.0,-30.0,28.69269949066214
Canada,Ontario,,2020-08-22,-18.0,-4.0,210.0,-29.0,-4.0,1.0,-154.0,7.6400679117147705
Canada,Ontario,,2020-08-23,-13.0,-7.0,180.0,-32.0,-5.0,0.0,-123.0,12.903225806451612
Canada,Ontario,,2020-08-24,-16.0,-3.0,134.0,-49.0,-44.0,11.0,-11.0,31.918505942275043
Canada,Ontario,,2020-08-25,-15.0,2.0,141.0,-47.0,-43.0,11.0,-27.0,29.20203735144312
Canada,Ontario,,2020-08-26,-16.0,-2.0,94.0,-48.0,-43.0,12.0,27.0,38.37011884550085
Canada,Ontario,,2020-08-27,-14.0,2.0,114.0,-46.0,-42.0,12.0,-2.0,33.446519524618
Canada,Ontario,,2020-08-28,-18.0,-3.0,122.0,-45.0,-41.0,11.0,-4.0,33.106960950764005
Canada,Ontario,,2020-08-29,-17.0,-1.0,132.0,-30.0,-6.0,2.0,-76.0,20.882852292020374
Canada,Ontario,,2020-08-30,-10.0,-4.0,193.0,-28.0,-4.0,0.0,-147.0,8.828522920203735
Canada,Ontario,,2020-08-31,-12.0,1.0,142.0,-46.0,-43.0,10.0,-32.0,28.35314091680815
Canada,Ontario,,2020-09-01,-13.0,3.0,122.0,-45.0,-43.0,10.0,-14.0,31.40916808149406
Canada,Ontario,,2020-09-02,-14.0,-1.0,87.0,-48.0,-43.0,12.0,31.0,39.04923599320883
Canada,Ontario,,2020-09-03,-12.0,3.0,138.0,-44.0,-42.0,10.0,-33.0,28.183361629881155
Canada,Ontario,,2020-09-04,-13.0,2.0,142.0,-42.0,-43.0,9.0,-37.0,27.504244482173174
Canada,Ontario,,2020-09-05,-16.0,0.0,176.0,-29.0,-9.0,1.0,-121.0,13.242784380305602
Canada,Ontario,,2020-09-06,-3.0,2.0,235.0,-28.0,-8.0,-1.0,-199.0,0.0
Canada,Ontario,,2020-09-07,-43.0,-42.0,119.0,-63.0,-80.0,20.0,129.0,55.68760611205433
Canada,Ontario,,2020-09-08,-13.0,11.0,53.0,-47.0,-44.0,11.0,51.0,42.444821731748725
Canada,Ontario,,2020-09-09,-16.0,0.0,63.0,-48.0,-42.0,12.0,55.0,43.12393887945671
Canada,Ontario,,2020-09-10,-14.0,2.0,85.0,-46.0,-41.0,11.0,25.0,38.030560271646856
Canada,Ontario,,2020-09-11,-17.0,-3.0,111.0,-44.0,-39.0,10.0,2.0,34.125636672325975
Canada,Ontario,,2020-09-12,-14.0,0.0,165.0,-28.0,-2.0,2.0,-119.0,13.582342954159593
Canada,Ontario,,2020-09-13,-13.0,-4.0,103.0,-34.0,-6.0,3.0,-43.0,26.485568760611205
Canada,Ontario,,2020-09-14,-15.0,-2.0,91.0,-48.0,-39.0,11.0,24.0,37.86078098471987
Canada,Ontario,,2020-09-15,-15.0,0.0,82.0,-47.0,-38.0,11.0,29.0,38.70967741935484
Canada,Ontario,,2020-09-16,-16.0,-4.0,93.0,-47.0,-39.0,11.0,24.0,37.86078098471987
Canada,Ontario,,2020-09-17,-16.0,-1.0,91.0,-46.0,-39.0,11.0,22.0,37.521222410865875
Canada,Ontario,,2020-09-18,-18.0,-5.0,83.0,-45.0,-37.0,10.0,32.0,39.21901528013582
Canada,Ontario,,2020-09-19,-15.0,-1.0,133.0,-32.0,-3.0,3.0,-79.0,20.37351443123939
Canada,Ontario,,2020-09-20,-11.0,-3.0,139.0,-35.0,-3.0,2.0,-85.0,19.35483870967742
Canada,Ontario,,2020-09-21,-18.0,-4.0,82.0,-49.0,-40.0,11.0,40.0,40.57724957555178
Canada,Ontario,,2020-09-22,-19.0,-1.0,78.0,-48.0,-39.0,11.0,40.0,40.57724957555178
Canada,Ontario,,2020-09-23,-19.0,-2.0,82.0,-48.0,-38.0,12.0,37.0,40.0679117147708
Canada,Ontario,,2020-09-24,-20.0,-1.0,68.0,-48.0,-38.0,12.0,51.0,42.444821731748725
Canada,Ontario,,2020-09-25,-21.0,-4.0,95.0,-47.0,-36.0,11.0,24.0,37.86078098471987
Canada,Ontario,,2020-09-26,-16.0,0.0,159.0,-34.0,0.0,2.0,-107.0,15.619694397283531
Canada,Ontario,,2020-09-27,-13.0,-3.0,143.0,-36.0,-2.0,2.0,-87.0,19.015280135823428
Canada,Ontario,,2020-09-28,-21.0,-3.0,65.0,-51.0,-38.0,12.0,60.0,43.97283531409168
Canada,Ontario,,2020-09-29,-20.0,0.0,45.0,-50.0,-37.0,12.0,74.0,46.349745331069606
Canada,Ontario,,2020-09-30,-20.0,-1.0,12.0,-51.0,-38.0,13.0,111.0,52.63157894736842
Canada,Ontario,,2020-10-01,-18.0,3.0,46.0,-49.0,-36.0,12.0,66.0,44.99151103565365
Canada,Ontario,,2020-10-02,-23.0,-4.0,36.0,-49.0,-35.0,12.0,87.0,48.55687606112054
Canada,Ontario,,2020-10-03,-18.0,-1.0,100.0,-35.0,-3.0,4.0,-39.0,27.164685908319186
Canada,Ontario,,2020-10-04,-20.0,-5.0,15.0,-44.0,-8.0,5.0,67.0,45.16129032258064
Canada,Ontario,,2020-10-05,-21.0,-1.0,55.0,-50.0,-38.0,12.0,67.0,45.16129032258064
Canada,Ontario,,2020-10-06,-21.0,1.0,50.0,-50.0,-37.0,12.0,69.0,45.50084889643464
Canada,Ontario,,2020-10-07,-22.0,-1.0,22.0,-52.0,-38.0,13.0,104.0,51.44312393887945
Canada,Ontario,,2020-10-08,-20.0,5.0,46.0,-49.0,-36.0,12.0,66.0,44.99151103565365
Canada,Ontario,,2020-10-09,-20.0,6.0,74.0,-46.0,-36.0,11.0,33.0,39.38879456706282
Canada,Ontario,,2020-10-10,-23.0,4.0,117.0,-37.0,-5.0,4.0,-52.0,24.95755517826825
Canada,Ontario,,2020-10-11,-21.0,1.0,112.0,-42.0,-8.0,3.0,-39.0,27.164685908319186
Canada,Ontario,,2020-10-12,-58.0,-51.0,106.0,-70.0,-80.0,22.0,175.0,63.497453310696095
Canada,Ontario,,2020-10-13,-23.0,4.0,56.0,-50.0,-38.0,12.0,63.0,44.48217317487266
Canada,Ontario,,2020-10-14,-23.0,-2.0,50.0,-50.0,-37.0,13.0,75.0,46.5195246179966
Canada,Ontario,,2020-10-15,-26.0,-5.0,-8.0,-53.0,-37.0,15.0,144.0,58.23429541595926
Canada,Ontario,,2020-10-16,-23.0,-3.0,43.0,-49.0,-35.0,13.0,80.0,47.368421052631575
Canada,Ontario,,2020-10-17,-19.0,0.0,109.0,-36.0,-3.0,5.0,-46.0,25.97623089983022
Canada,Ontario,,2020-10-18,-21.0,-6.0,44.0,-44.0,-8.0,6.0,41.0,40.74702886247878
Canada,Ontario,,2020-10-19,-27.0,-8.0,-1.0,-55.0,-38.0,14.0,143.0,58.06451612903226
Canada,Ontario,,2020-10-20,-23.0,0.0,32.0,-51.0,-37.0,13.0,92.0,49.40577249575552
Canada,Ontario,,2020-10-21,-25.0,-5.0,15.0,-53.0,-37.0,14.0,119.0,53.98981324278438
Canada,Ontario,,2020-10-22,-24.0,-2.0,17.0,-50.0,-36.0,14.0,109.0,52.29202037351443
Canada,Ontario,,2020-10-23,-24.0,-6.0,75.0,-48.0,-34.0,12.0,49.0,42.10526315789473
Canada,Ontario,,2020-10-24,-21.0,0.0,58.0,-38.0,-4.0,6.0,11.0,35.653650254668925
Canada,Ontario,,2020-10-25,-20.0,-5.0,46.0,-43.0,-8.0,6.0,36.0,39.898132427843805
Canada,Ontario,,2020-10-26,-26.0,-6.0,7.0,-53.0,-38.0,14.0,130.0,55.85738539898133
Canada,Ontario,,2020-10-27,-26.0,-5.0,-6.0,-53.0,-36.0,13.0,139.0,57.38539898132428
Canada,Ontario,,2020-10-28,-22.0,0.0,27.0,-50.0,-36.0,13.0,94.0,49.745331069609506
Canada,Ontario,,2020-10-29,-22.0,0.0,3.0,-51.0,-35.0,14.0,119.0,53.98981324278438
Canada,Ontario,,2020-10-30,-23.0,-1.0,1.0,-49.0,-34.0,13.0,119.0,53.98981324278438
Canada,Ontario,,2020-10-31,-20.0,4.0,47.0,-36.0,-3.0,5.0,13.0,35.993208828522924
Canada,Ontario,,2020-11-01,-25.0,-8.0,-20.0,-47.0,-11.0,7.0,118.0,53.82003395585738
Canada,Ontario,,2020-11-02,-27.0,-8.0,-12.0,-55.0,-38.0,14.0,154.0,59.9320882852292
Canada,Ontario,,2020-11-03,-26.0,-4.0,-1.0,-53.0,-36.0,13.0,133.0,56.36672325976231
Canada,Ontario,,2020-11-04,-25.0,-6.0,35.0,-52.0,-36.0,13.0,97.0,50.25466893039049
Canada,Ontario,,2020-11-05,-24.0,-4.0,34.0,-51.0,-35.0,14.0,94.0,49.745331069609506
Canada,Ontario,,2020-11-06,-24.0,-6.0,49.0,-50.0,-34.0,13.0,78.0,47.02886247877759
Canada,Ontario,,2020-11-07,-18.0,-2.0,113.0,-35.0,-2.0,5.0,-51.0,25.127334465195243
Canada,Ontario,,2020-11-08,-14.0,-4.0,130.0,-40.0,-5.0,4.0,-63.0,23.089983022071305
Canada,Ontario,,2020-11-09,-23.0,-6.0,57.0,-53.0,-36.0,13.0,74.0,46.349745331069606
Canada,Ontario,,2020-11-10,-21.0,-1.0,60.0,-51.0,-35.0,12.0,60.0,43.97283531409168
Canada,Ontario,,2020-11-11,-21.0,-3.0,24.0,-53.0,-39.0,14.0,106.0,51.782682512733444
Canada,Ontario,,2020-11-12,-22.0,-2.0,19.0,-52.0,-35.0,14.0,106.0,51.782682512733444
Canada,Ontario,,2020-11-13,-24.0,-5.0,1.0,-51.0,-35.0,14.0,128.0,55.51782682512734
Canada,Ontario,,2020-11-14,-20.0,0.0,43.0,-40.0,-5.0,6.0,28.0,38.539898132427844
Canada,Ontario,,2020-11-15,-28.0,-15.0,-33.0,-52.0,-13.0,8.0,149.0,59.08319185059423
Canada,Ontario,,2020-11-16,-26.0,-8.0,-13.0,-56.0,-38.0,14.0,155.0,60.101867572156195
Canada,Ontario,,2020-11-17,-27.0,-7.0,-17.0,-55.0,-36.0,14.0,156.0,60.27164685908319
Canada,Ontario,,2020-11-18,-26.0,-8.0,-15.0,-55.0,-37.0,15.0,156.0,60.27164685908319
Canada,Ontario,,2020-11-19,-23.0,-3.0,8.0,-53.0,-35.0,14.0,120.0,54.159592529711375
Canada,Ontario,,2020-11-20,-22.0,-3.0,30.0,-50.0,-35.0,14.0,94.0,49.745331069609506
Canada,Ontario,,2020-11-21,-19.0,2.0,16.0,-40.0,-4.0,7.0,52.0,42.61460101867572
Canada,Ontario,,2020-11-22,-29.0,-16.0,-29.0,-51.0,-12.0,8.0,145.0,58.40407470288624
Canada,Ontario,,2020-11-23,-30.0,-11.0,-19.0,-58.0,-39.0,15.0,172.0,62.98811544991511
Canada,Ontario,,2020-11-24,-29.0,-6.0,-18.0,-57.0,-37.0,15.0,162.0,61.29032258064516
Canada,Ontario,,2020-11-25,-30.0,-11.0,-25.0,-58.0,-37.0,16.0,177.0,63.83701188455009
Canada,Ontario,,2020-11-26,-23.0,-1.0,-7.0,-55.0,-37.0,15.0,138.0,57.215619694397276
Canada,Ontario,,2020-11-27,-25.0,-5.0,-5.0,-53.0,-36.0,15.0,139.0,57.38539898132428
Canada,Ontario,,2020-11-28,-22.0,-1.0,30.0,-43.0,-5.0,7.0,48.0,41.935483870967744
Canada,Ontario,,2020-11-29,-21.0,-5.0,44.0,-48.0,-10.0,7.0,47.0,41.76570458404075
Canada,Ontario,,2020-11-30,-28.0,-10.0,-35.0,-59.0,-38.0,15.0,185.0,65.19524617996605
Canada,Ontario,,2020-12-01,-34.0,-12.0,-26.0,-58.0,-40.0,17.0,187.0,65.53480475382003
Canada,Ontario,,2020-12-02,-27.0,-4.0,-14.0,-56.0,-37.0,15.0,153.0,59.7623089983022
Canada,Ontario,,2020-12-03,-25.0,-1.0,-8.0,-55.0,-36.0,15.0,140.0,57.555178268251275
Canada,Ontario,,2020-12-04,-30.0,-9.0,-21.0,-56.0,-35.0,16.0,167.0,62.13921901528013
Canada,Ontario,,2020-12-05,-25.0,-1.0,4.0,-45.0,-6.0,8.0,81.0,47.53820033955857
Canada,Ontario,,2020-12-06,-25.0,-7.0,9.0,-51.0,-12.0,8.0,94.0,49.745331069609506
Canada,Ontario,,2020-12-07,-28.0,-7.0,-14.0,-58.0,-38.0,15.0,160.0,60.95076400679117
Canada,Ontario,,2020-12-08,-28.0,-4.0,-12.0,-57.0,-36.0,14.0,151.0,59.42275042444821
Canada,Ontario,,2020-12-09,-30.0,-9.0,-21.0,-57.0,-37.0,16.0,170.0,62.64855687606112
Canada,Ontario,,2020-12-10,-25.0,0.0,-3.0,-55.0,-36.0,15.0,134.0,56.536502546689306
Canada,Ontario,,2020-12-11,-25.0,-2.0,6.0,-54.0,-35.0,15.0,125.0,55.00848896434635
Canada,Ontario,,2020-12-12,-29.0,-4.0,-24.0,-49.0,-8.0,9.0,123.0,54.66893039049236
Canada,Ontario,,2020-12-13,-24.0,-5.0,3.0,-50.0,-11.0,8.0,95.0,49.9151103565365
Canada,Ontario,,2020-12-14,-29.0,-5.0,-16.0,-59.0,-39.0,15.0,163.0,61.460101867572156
Canada,Ontario,,2020-12-15,-27.0,-1.0,-18.0,-57.0,-38.0,15.0,156.0,60.27164685908319
Canada,Ontario,,2020-12-16,-29.0,-6.0,-32.0,-59.0,-38.0,16.0,180.0,64.34634974533107
Canada,Ontario,,2020-12-17,-25.0,3.0,-16.0,-56.0,-37.0,16.0,147.0,58.74363327674024
Canada,Ontario,,2020-12-18,-27.0,-1.0,-9.0,-55.0,-36.0,16.0,144.0,58.23429541595926
Canada,Ontario,,2020-12-19,-28.0,0.0,-2.0,-45.0,-8.0,8.0,91.0,49.23599320882852
Canada,Ontario,,2020-12-20,-25.0,-4.0,0.0,-49.0,-11.0,8.0,97.0,50.25466893039049
Canada,Ontario,,2020-12-21,-17.0,16.0,1.0,-57.0,-46.0,15.0,118.0,53.82003395585738
Canada,Ontario,,2020-12-22,-14.0,27.0,-2.0,-56.0,-46.0,15.0,106.0,51.782682512733444
Canada,Ontario,,2020-12-23,-10.0,39.0,4.0,-55.0,-48.0,15.0,85.0,48.217317487266556
Canada,Ontario,,2020-12-24,-26.0,29.0,-20.0,-62.0,-64.0,21.0,164.0,61.62988115449915
Canada,Ontario,,2020-12-25,-86.0,-79.0,-17.0,-83.0,-86.0,29.0,380.0,98.30220713073004
Canada,Ontario,,2020-12-26,-65.0,-48.0,-8.0,-67.0,-44.0,15.0,247.0,75.72156196943973
Canada,Ontario,,2020-12-27,-49.0,-28.0,17.0,-61.0,-27.0,11.0,159.0,60.78098471986417
Canada,Ontario,,2020-12-28,-45.0,-15.0,-8.0,-73.0,-72.0,26.0,239.0,74.36332767402376
Canada,Ontario,,2020-12-29,-39.0,-3.0,11.0,-66.0,-60.0,22.0,179.0,64.17657045840407
Canada,Ontario,,2020-12-30,-39.0,1.0,-27.0,-67.0,-61.0,24.0,217.0,70.62818336162988
Canada,Ontario,,2020-12-31,-31.0,19.0,18.0,-67.0,-65.0,23.0,149.0,59.08319185059423
